,nível | Selic_lag1,nível | Selic_lag2,nível | Selic_lag3
const,85.3229*** (0.000) [44.9907; 125.6550],90.2805*** (0.002) [36.0716; 144.4893],68.2760*** (0.010) [17.4966; 119.0553]
N_MA_lag1,0.1792 (0.171) [-0.0815; 0.4398],0.0575 (0.762) [-0.3259; 0.4409],0.1852 (0.324) [-0.1914; 0.5618]
Selic_lag,-45.5659*** (0.005) [-76.5589; -14.5729],-42.2708** (0.027) [-79.3209; -5.2207],-24.3330 (0.160) [-58.8131; 10.1471]
Ibov_Ret,-0.0404 (0.802) [-0.3655; 0.2847],-0.0609 (0.722) [-0.4068; 0.2849],-0.1005 (0.601) [-0.4881; 0.2871]
Covid,-1.4128 (0.944) [-42.1030; 39.2774],4.9376 (0.800) [-34.4160; 44.2912],10.6671 (0.618) [-32.5215; 53.8557]
R2,0.435,0.392,0.291
R2_ajustado,0.364,0.316,0.202
F p-valor,0.001,0.003,0.023
n,37,37,37
Breusch-Pagan p-valor,0.002,0.003,0.012
Jarque-Bera p-valor,0.581,0.627,0.260
Durbin-Watson,2.144,1.937,1.979
VIF máximo (exceto const.),1.481,1.894,1.868
