,log | dSelic_lag1,log | dSelic_lag2,log | dSelic_lag3
const,2.9856*** (0.000) [1.8318; 4.1394],2.3013*** (0.000) [1.0913; 3.5112],2.4547*** (0.000) [1.2871; 3.6223]
log_N_MA_lag1,0.2555* (0.078) [-0.0301; 0.5411],0.4273*** (0.008) [0.1210; 0.7336],0.3881** (0.012) [0.0927; 0.6836]
dSelic_lag,0.9708** (0.017) [0.1883; 1.7533],-0.2937 (0.369) [-0.9504; 0.3629],-0.4752* (0.084) [-1.0171; 0.0666]
Ibov_Ret,0.0006 (0.833) [-0.0055; 0.0067],-0.0020 (0.507) [-0.0082; 0.0042],-0.0016 (0.610) [-0.0077; 0.0046]
Covid,0.3648 (0.181) [-0.1786; 0.9083],0.1676 (0.602) [-0.4810; 0.8163],0.1934 (0.539) [-0.4413; 0.8282]
R2,0.320,0.220,0.248
R2_ajustado,0.235,0.123,0.154
F p-valor,0.013,0.085,0.052
n,37,37,37
Breusch-Pagan p-valor,0.031,0.010,0.011
Jarque-Bera p-valor,0.504,0.890,0.925
Durbin-Watson,1.944,2.234,2.345
VIF máximo (exceto const.),1.468,1.495,1.170
