Semestre,N_MA,IPCA,Ibov_Ret,Selic,IBC_Br,IIE_Br,Ibov_Nivel,Ibov_Vol,log_N_MA,log_N_MA_lag1,N_MA_lag1,dSelic,Selic_lag1,dSelic_lag1,Selic_lag2,dSelic_lag2,Selic_lag3,dSelic_lag3,Covid
2005S1,26.0,3.12,-4.469414099449942,1.4383333333333332,76.62491666666666,95.60000000000001,25700.396666666667,26.17,3.258096538021482,,,,,,,,,,0
2005S2,39.0,2.43,28.93072195268669,1.4883333333333333,78.47881166666666,95.60000000000001,30206.198333333334,22.046666666666667,3.6635616461296463,3.258096538021482,26.0,0.050000000000000044,1.4383333333333332,0.050000000000000044,,,,,0
2006S1,34.0,1.53,9.065624536203565,1.2566666666666666,79.186755,92.81666666666666,38078.21333333333,26.366666666666664,3.5263605246161616,3.6635616461296463,39.0,-0.2316666666666667,1.4883333333333333,-0.2316666666666667,1.4383333333333332,0.050000000000000044,,,0
2006S2,26.0,1.57,19.40126334258032,1.0983333333333334,82.83829333333334,95.3,39237.84666666667,20.115,3.258096538021482,3.5263605246161616,34.0,-0.15833333333333321,1.2566666666666666,-0.15833333333333321,1.4883333333333333,-0.2316666666666667,1.4383333333333332,0.050000000000000044,0
2007S1,46.0,2.06,20.131995925472523,0.98,83.863785,93.64999999999999,48325.91333333333,23.42833333333333,3.828641396489095,3.258096538021482,26.0,-0.1183333333333334,1.0983333333333334,-0.1183333333333334,1.2566666666666666,-0.15833333333333321,1.4883333333333333,-0.2316666666666667,0
2007S2,69.0,2.31,16.08836230074875,0.895,88.27120500000001,94.39999999999999,60249.12666666667,30.243333333333336,4.23410650459726,3.828641396489095,46.0,-0.08499999999999996,0.98,-0.08499999999999996,1.0983333333333334,-0.1183333333333334,1.2566666666666666,-0.15833333333333321,0
2008S1,74.0,3.59,1.7555884531535781,0.8850000000000001,88.75144999999999,95.66666666666667,64904.385,31.21666666666667,4.30406509320417,4.23410650459726,69.0,-0.009999999999999898,0.895,-0.009999999999999898,0.98,-0.08499999999999996,1.0983333333333334,-0.1183333333333334,0
2008S2,63.0,2.16,-54.89760610307837,1.085,90.79566,110.66666666666667,46021.645,59.435,4.143134726391533,4.30406509320417,74.0,0.19999999999999984,0.8850000000000001,0.19999999999999984,0.895,-0.009999999999999898,0.98,-0.08499999999999996,0
2009S1,33.0,2.54,31.52292692166725,0.875,85.21349833333333,117.86666666666666,45060.448333333334,37.071666666666665,3.4965075614664802,4.143134726391533,63.0,-0.20999999999999996,1.085,-0.20999999999999996,0.8850000000000001,0.19999999999999984,0.895,-0.009999999999999898,0
2009S2,36.0,1.69,28.72126669689301,0.7083333333333334,91.26113833333334,105.36666666666667,61658.49,22.76,3.58351893845611,3.4965075614664802,33.0,-0.16666666666666663,0.875,-0.16666666666666663,1.085,-0.20999999999999996,0.8850000000000001,0.19999999999999984,0
2010S1,68.0,3.05,-11.830107801768541,0.7033333333333333,93.94677333333334,100.95,65631.45333333332,22.116666666666664,4.219507705176107,3.58351893845611,36.0,-0.0050000000000001155,0.7083333333333334,-0.0050000000000001155,0.875,-0.16666666666666663,1.085,-0.20999999999999996,0
2010S2,69.0,2.71,12.8691820153513,0.8583333333333334,97.67608,97.89999999999999,68295.69,16.953333333333333,4.23410650459726,4.219507705176107,68.0,0.15500000000000014,0.7033333333333333,0.15500000000000014,0.7083333333333334,-0.0050000000000001155,0.875,-0.16666666666666663,0
2011S1,71.0,3.81,-10.489070514922538,0.9016666666666667,97.71172333333334,96.36666666666667,65950.23,16.263333333333332,4.2626798770413155,4.23410650459726,69.0,0.043333333333333335,0.8583333333333334,0.043333333333333335,0.7033333333333333,0.15500000000000014,0.7083333333333334,-0.0050000000000001155,0
2011S2,76.0,2.51,-9.489605895702091,0.9383333333333334,99.98158000000001,105.7,56601.74,29.296666666666667,4.330733340286331,4.2626798770413155,71.0,0.036666666666666625,0.9016666666666667,0.036666666666666625,0.8583333333333334,0.043333333333333335,0.7033333333333333,0.15500000000000014,0
2012S1,69.0,2.3000000000000003,-4.31977495190381,0.7583333333333333,98.07044166666667,100.13333333333333,60676.71833333333,21.218333333333334,4.23410650459726,4.330733340286331,76.0,-0.18000000000000005,0.9383333333333334,-0.18000000000000005,0.9016666666666667,0.036666666666666625,0.8583333333333334,0.043333333333333335,0
2012S2,46.0,3.3899999999999997,11.455818314671795,0.6033333333333334,101.40510666666667,97.73333333333333,57971.52166666667,20.383333333333333,3.828641396489095,4.23410650459726,69.0,-0.15499999999999992,0.7583333333333333,-0.15499999999999992,0.9383333333333334,-0.18000000000000005,0.9016666666666667,0.036666666666666625,0
2013S1,52.0,3.11,-25.026120447533806,0.5766666666666667,100.80155,92.75,55068.575000000004,18.853333333333335,3.9512437185814275,3.828641396489095,46.0,-0.026666666666666727,0.6033333333333334,-0.026666666666666727,0.7583333333333333,-0.15499999999999992,0.9383333333333334,-0.18000000000000005,0
2013S2,49.0,2.65,8.189404992953797,0.7433333333333333,104.47237833333332,89.26666666666667,51471.71333333334,21.013333333333332,3.8918202981106265,3.9512437185814275,52.0,0.16666666666666663,0.5766666666666667,0.16666666666666663,0.6033333333333334,-0.026666666666666727,0.7583333333333333,-0.15499999999999992,0
2014S1,45.0,3.69,3.1740022298691883,0.82,101.480935,92.58333333333333,50197.09333333333,19.671666666666667,3.8066624897703196,3.8918202981106265,49.0,0.07666666666666666,0.7433333333333333,0.07666666666666666,0.5766666666666667,0.16666666666666663,0.6033333333333334,-0.026666666666666727,0
2014S2,41.0,2.54,-6.128965498333194,0.9133333333333332,103.26957833333334,95.48333333333333,55098.924999999996,27.48,3.713572066704308,3.8066624897703196,45.0,0.09333333333333327,0.82,0.09333333333333327,0.7433333333333333,0.07666666666666666,0.5766666666666667,0.16666666666666663,0
2015S1,42.0,6.02,5.964559362802824,0.9683333333333333,98.47328666666668,103.33333333333333,51951.94333333333,20.848333333333333,3.7376696182833684,3.713572066704308,41.0,0.05500000000000005,0.9133333333333332,0.05500000000000005,0.82,0.09333333333333327,0.7433333333333333,0.07666666666666666,0
2015S2,47.0,4.17,-20.251100757154283,1.1216666666666668,97.10905166666667,122.11666666666667,46148.12666666667,24.866666666666664,3.8501476017100584,3.7376696182833684,42.0,0.15333333333333354,0.9683333333333333,0.15333333333333354,0.9133333333333332,0.05500000000000005,0.82,0.09333333333333327,0
2016S1,30.0,4.34,17.279860904249844,1.0916666666666666,93.64272,120.18333333333334,47860.706666666665,29.956666666666667,3.4011973816621555,3.8501476017100584,47.0,-0.03000000000000025,1.1216666666666668,-0.03000000000000025,0.9683333333333333,0.15333333333333354,0.9133333333333332,0.05500000000000005,0
2016S2,70.0,1.78,15.60210162701221,1.1083333333333334,94.03172833333333,115.63333333333333,60105.746666666666,20.35166666666667,4.248495242049359,3.4011973816621555,30.0,0.01666666666666683,1.0916666666666666,0.01666666666666683,1.1216666666666668,-0.03000000000000025,0.9683333333333333,0.15333333333333354,0
2017S1,41.0,1.18,4.34202809420281,0.9233333333333333,93.61717166666666,113.98333333333333,64555.27,20.838333333333335,3.713572066704308,4.248495242049359,70.0,-0.18500000000000005,1.1083333333333334,-0.18500000000000005,1.0916666666666666,0.01666666666666683,1.1216666666666668,-0.03000000000000025,0
2017S2,58.0,1.73,19.446423417402237,0.665,95.519445,108.66666666666667,72288.41166666667,15.068333333333333,4.060443010546419,3.713572066704308,41.0,-0.2583333333333333,0.9233333333333333,-0.2583333333333333,1.1083333333333334,-0.18500000000000005,1.0916666666666666,0.01666666666666683,0
2018S1,48.0,2.58,-4.880893346808968,0.5233333333333333,94.484845,114.13333333333333,81877.24833333334,20.391666666666666,3.871201010907891,4.060443010546419,58.0,-0.14166666666666672,0.665,-0.14166666666666672,0.9233333333333333,-0.2583333333333333,1.1083333333333334,-0.18500000000000005,0
2018S2,44.0,1.1099999999999999,18.88539830752407,0.5166666666666667,97.15477499999999,114.39999999999999,83342.54166666667,22.111666666666668,3.784189633918261,3.871201010907891,48.0,-0.006666666666666599,0.5233333333333333,-0.006666666666666599,0.665,-0.14166666666666672,0.9233333333333333,-0.2583333333333333,0
2019S1,64.0,2.21,13.874074108258938,0.505,95.53924666666666,114.64999999999999,97123.91833333333,19.665000000000003,4.1588830833596715,3.784189633918261,44.0,-0.011666666666666714,0.5166666666666667,-0.011666666666666714,0.5233333333333333,-0.006666666666666599,0.665,-0.14166666666666672,0
2019S2,86.0,2.02,13.573238225262685,0.45999999999999996,98.235095,111.35000000000001,106465.085,15.034999999999998,4.454347296253507,4.1588830833596715,64.0,-0.04500000000000004,0.505,-0.04500000000000004,0.5166666666666667,-0.011666666666666714,0.5233333333333333,-0.006666666666666599,0
2020S1,45.0,0.09999999999999998,-19.606379588414313,0.29,89.93831833333333,161.58333333333334,92319.36666666665,47.23500000000001,3.8066624897703196,4.454347296253507,86.0,-0.16999999999999998,0.45999999999999996,-0.16999999999999998,0.505,-0.04500000000000004,0.5166666666666667,-0.011666666666666714,1
2020S2,112.0,4.34,22.480405857690045,0.16333333333333333,96.35238666666667,150.28333333333333,103124.62166666666,21.403333333333332,4.718498871295094,3.8066624897703196,45.0,-0.12666666666666665,0.29,-0.12666666666666665,0.45999999999999996,-0.16999999999999998,0.505,-0.04500000000000004,1
2021S1,87.0,3.71,6.335577683219107,0.21166666666666667,96.15278333333333,128.95000000000002,118941.27833333334,19.57166666666667,4.465908118654584,4.718498871295094,112.0,0.04833333333333334,0.16333333333333333,0.04833333333333334,0.29,-0.12666666666666665,0.45999999999999996,-0.16999999999999998,0
2021S2,132.0,5.92,-19.035626229660885,0.5133333333333333,98.305695,123.55,110299.92,21.651666666666667,4.882801922586371,4.465908118654584,87.0,0.30166666666666664,0.21166666666666667,0.30166666666666664,0.16333333333333333,0.04833333333333334,0.29,-0.12666666666666665,0
2022S1,83.0,5.37,-6.178552526524861,0.8833333333333333,98.52279,117.86666666666667,110508.88333333335,17.963333333333335,4.418840607796598,4.882801922586371,132.0,0.37,0.5133333333333333,0.37,0.21166666666666667,0.30166666666666664,0.16333333333333333,0.04833333333333334,0
2022S2,72.0,0.29,10.758237736483167,1.0716666666666665,101.47721333333334,114.31666666666666,110163.675,22.80333333333333,4.276666119016055,4.418840607796598,83.0,0.18833333333333324,0.8833333333333333,0.18833333333333324,0.5133333333333333,0.37,0.21166666666666667,0.30166666666666664,0
2023S1,46.0,2.84,7.335691773482544,1.0533333333333335,102.23396833333334,112.28333333333335,108516.395,18.775000000000002,3.828641396489095,4.276666119016055,72.0,-0.01833333333333309,1.0716666666666665,-0.01833333333333309,0.8833333333333333,0.18833333333333324,0.5133333333333333,0.37,0
2023S2,50.0,1.69,12.779959245402495,0.9983333333333334,103.07568500000001,107.85000000000001,121484.99833333334,14.76,3.912023005428146,3.828641396489095,46.0,-0.05500000000000005,1.0533333333333335,-0.05500000000000005,1.0716666666666665,-0.01833333333333309,0.8833333333333333,0.18833333333333324,0
2024S1,46.0,2.46,-7.969358094024415,0.8516666666666667,105.14278333333334,107.89999999999999,126134.53833333333,11.918333333333335,3.828641396489095,3.912023005428146,50.0,-0.14666666666666672,0.9983333333333334,-0.14666666666666672,1.0533333333333335,-0.05500000000000005,1.0716666666666665,-0.01833333333333309,0
2024S2,57.0,2.27,-2.967702735472777,0.8783333333333334,107.91623833333334,109.41666666666667,128522.80333333334,13.541666666666666,4.04305126783455,3.828641396489095,46.0,0.026666666666666727,0.8516666666666667,0.026666666666666727,0.9983333333333334,-0.14666666666666672,1.0533333333333335,-0.05500000000000005,0
