causa (Granger),variável afetada,estatística F,p-valor,significativo a 5%
log_N_MA,dSelic,11.749671873835705,1.3943973486434025e-05,True
log_N_MA,dIBC_Br,0.12002006622423086,0.8869588823731428,False
log_N_MA,Ibov_Ret,2.3770605851302333,0.09512998557037164,False
dSelic,log_N_MA,8.54328769532008,0.00026466883489792333,True
dSelic,dIBC_Br,58.33428190047036,3.606339307144976e-21,True
dSelic,Ibov_Ret,0.27127806029476087,0.762651285434934,False
dIBC_Br,log_N_MA,6.089502481190911,0.0026537992829017898,True
dIBC_Br,dSelic,1.205730663904943,0.3013836273123076,False
dIBC_Br,Ibov_Ret,0.2121770716902569,0.8089816888857372,False
Ibov_Ret,log_N_MA,0.15063746016263846,0.8602453967917523,False
Ibov_Ret,dSelic,2.963778802798207,0.053624804569883965,False
Ibov_Ret,dIBC_Br,0.6553527982242718,0.5202384393076732,False
