horizonte (meses),log_N_MA,dSelic,dIBC_Br,Ibov_Ret
0,1.0,0.0,0.0,0.0
1,0.9551790805179041,0.008620963889107972,0.035598345197879154,0.0006016103951086818
2,0.9465290968064063,0.014238117651826006,0.036343092703353265,0.00288969283841435
3,0.9441638099099785,0.016541450481492012,0.035763063414402926,0.003531676194126636
4,0.9430013867049664,0.018015207526651852,0.03547000900102627,0.0035133967673555444
5,0.94261491761236,0.01796973321571803,0.03589693913354937,0.0035184100383725777
6,0.9424755028500138,0.017984555281504656,0.03602436591855731,0.003515575949924269
7,0.9424143984400024,0.018003612739494253,0.03602655753239993,0.003555431288103526
8,0.942425488927975,0.01799982412612616,0.03601933058883919,0.003555356357059847
9,0.9424108563060805,0.018000033643304988,0.03603249896028672,0.0035566110903279234
10,0.9424073187322335,0.018000477245951895,0.03603564951171452,0.0035565545101001773
11,0.9424065589882493,0.01800033739968623,0.03603582338303555,0.0035572802290289684
