horizonte (meses),resposta log(N_MA) a choque +1dp em ΔSelic,IC inferior,IC superior
0,0.0,0.0,0.0
1,-0.04611007260794508,-0.10651363062705396,0.0140111305143467
2,0.04048104924134966,-0.009853568569365773,0.09449990784052542
3,-0.027115762547668638,-0.05781274348143119,0.0015370851837949366
4,0.021061640874826044,-0.003301079366514538,0.04717998615479615
5,-0.0036827422317422093,-0.014732039571083336,0.007756355720449715
6,-0.0028981717191728326,-0.012286102766579429,0.0066868341442475904
7,0.00286391335353183,-0.002987139935560705,0.010013440211960822
8,-0.0003545880211901633,-0.0041123381405436124,0.003203725937076937
9,0.0006821306540459699,-0.0020165792491955484,0.003832185159604786
10,-0.0005212292898680454,-0.0023839696099402555,0.0012627183666155295
11,8.785809459831937e-05,-0.0013377288505049627,0.0013033828013527442
12,0.0002749612851178566,-0.00036690086277067215,0.0013543321350798015
