horizonte (meses),mínimo,máximo,todas as ordenações concordam no sinal
0,0.0,0.11788833203595814,False
1,-0.04611007260794508,-0.004807272268560381,True
2,0.04048104924134966,0.07285694366422374,True
3,-0.027115762547668638,-0.0005525334484923135,True
4,0.021061640874826044,0.03165756740292682,True
5,-0.0036827422317422093,0.005410995539706022,False
6,-0.0028981717191728326,0.0007849180692219791,False
7,0.00286391335353183,0.006277215779284247,True
8,-0.0003545880211901633,0.0017840375086070144,False
9,0.0006691046171535867,0.0017111203996258545,True
10,-0.0005212292898680454,0.00018754400060073945,False
11,8.785809459831937e-05,0.0005773767820570668,True
12,0.0002749612851178566,0.0006030177740151513,True
