,AIC,BIC,FPE,HQIC
0,  -0.06330,    0.1178,    0.9387,  0.009755
1,   -0.7621,   -0.3397,    0.4667,   -0.5916
2,    -1.016,   -0.3518*,    0.3623,   -0.7478
3,    -1.165,   -0.2595,    0.3122,   -0.7995*
4,    -1.158,  -0.01175,    0.3145,   -0.6957
5,    -1.196,    0.1920,    0.3032,   -0.6360
6,    -1.450,    0.1798,    0.2357,   -0.7922
7,    -1.470,    0.4013,    0.2316,   -0.7147
8,    -1.459,    0.6533,    0.2348,   -0.6067
9,    -1.501,    0.8522,    0.2259,   -0.5517
10,    -1.629,    0.9659,    0.1998,   -0.5820
11,    -1.672,     1.164,    0.1925,   -0.5276
12,    -1.926*,     1.152,    0.1503*,   -0.6841
