raiz (módulo),estável (>1)
4.086293873662549,True
4.086293873662549,True
3.780332856226414,True
2.0580008895813764,True
2.0580008895813764,True
1.6366868662007874,True
1.6366868662007874,True
1.4832171838524781,True
1.4832171838524781,True
1.4263608221346342,True
1.4223187182529669,True
1.3703811552849354,True
1.3703811552849354,True
1.347830463315094,True
1.347830463315094,True
1.2956059462760086,True
1.2956059462760086,True
1.2942900933990424,True
1.2942900933990424,True
1.2749613836712606,True
1.2749613836712606,True
1.2688342411420244,True
1.2688342411420244,True
1.1877423827031872,True
1.1877423827031872,True
1.1455719382422433,True
1.1455719382422433,True
1.1207028645853747,True
1.1207028645853747,True
1.1158472962459103,True
1.078959833541292,True
1.078959833541292,True
