horizonte (meses),log_N_MA,Selic_surpresa,dIBC_Br,Ibov_Ret
0,1.0000000000000002,0.0,0.0,0.0
1,0.9945869563006652,0.0004781056433126826,0.00043032654867483574,0.004504611507347476
2,0.9466525227535424,0.00362883784405359,0.012782754332914214,0.03693588506948995
3,0.9336749170230393,0.0041212385860665,0.012492077088790942,0.04971176730210336
4,0.8891545235398142,0.010027323257682795,0.011842397057928822,0.08897575614457445
5,0.8564013111476595,0.031595776788313996,0.013795791968366531,0.09820712009566009
6,0.8500139596748231,0.03163203469216191,0.016414733487070562,0.10193927214594464
7,0.8355361782594655,0.03424427415914748,0.026375809111266562,0.10384373847012071
8,0.8362420844989703,0.03393080399884968,0.027387400162289487,0.10243971133989081
9,0.834680947758365,0.03376196595400095,0.028645917630365284,0.10291116865726913
10,0.8317032806278266,0.03367485615510005,0.02856681092153178,0.10605505229554195
11,0.8302359461597426,0.03364379834155191,0.028972620343538796,0.10714763515516712
