horizonte (meses),resposta log(N_MA) a choque +1dp em Selic-surpresa,IC inferior,IC superior
0,0.0,0.0,0.0
1,-0.009806184001498177,-0.06598557857713329,0.048982743463612866
2,-0.02600477225639713,-0.08440400661683306,0.03932270044907456
3,0.011899096127958149,-0.055296707042606634,0.0752801764565046
4,0.03885950165239175,-0.024976903458708292,0.10247675313583653
5,0.0753878695329047,0.007775272371715793,0.1378545125375291
6,-0.010346676540713586,-0.07760790509491505,0.054592445458856435
7,0.03316953860206854,-0.03176329754438598,0.1029256766390548
8,0.008126555802248006,-0.053969350512923536,0.0706244589071072
9,0.0017377666075742285,-0.04511234274088124,0.04568452067485097
10,-0.0036527620867656853,-0.046393481041963856,0.04019822706735946
11,0.006749324382595682,-0.031169734094627956,0.04513900336678301
12,0.011309526003107483,-0.028942180086394865,0.0494397395149576
