Periodo,N_MA,IBC_Br,Ibov_Nivel,Ibov_Ret,Selic_surpresa,log_N_MA,dIBC_Br,Covid
2005-01,3.0,72.37047,24350.62,-7.3058959535247325,0.0,1.0986122886681098,,0
2005-02,3.0,72.70598,28139.13,14.460382314718956,0.0,1.0986122886681098,0.4636006923818492,0
2005-03,5.0,80.68877,26610.65,-5.584962276551408,0.0,1.6094379124341003,10.979550787981962,0
2005-04,5.0,78.54155,24843.7,-6.87073123244808,0.0,1.6094379124341003,-2.661113808030535,0
2005-05,7.0,77.49933,25207.07,1.452031145061916,0.0,1.9459101490553132,-1.3269664273241388,0
2005-06,3.0,77.9434,25051.21,-0.6202380967065935,0.0,1.0986122886681098,0.5729985020515693,0
2005-07,6.0,79.10163,26042.36,3.8802313276526945,0.0,1.791759469228055,1.4859885506662618,0
2005-08,6.0,80.4991,28044.83,7.407985822131025,0.0,1.791759469228055,1.7666766158927372,0
2005-09,2.0,77.56388,31583.79,11.883971303744367,0.0,0.6931471805599453,-3.6462767906721982,0
2005-10,5.0,77.82693,30193.51,-4.501701366868183,0.0,1.6094379124341003,0.33913981611028987,0
2005-11,6.0,78.10904,31916.76,5.550426304623812,0.0,1.791759469228055,0.36248378292704775,0
2005-12,14.0,77.77229,33455.94,4.709808561402973,0.0,2.6390573296152584,-0.4311280742920309,0
2006-01,4.0,75.88664,38382.8,13.738009329799539,0.0,1.3862943611198906,-2.424578214168571,0
2006-02,4.0,75.35799,38610.39,0.5911968652853261,0.0,1.3862943611198906,-0.6966311856737906,0
2006-03,6.0,83.25463,37951.97,-1.7199998332459998,0.0,1.791759469228055,10.47883575450992,0
2006-04,7.0,78.7236,40363.42,6.160251635635561,0.0,1.9459101490553132,-5.442375997587168,0
2006-05,8.0,81.924,36530.04,-9.978899346211634,0.0,2.0794415416798357,4.065362864503141,0
2006-06,5.0,79.97367,36630.66,0.2750658849407728,0.0,1.6094379124341003,-2.380657682730347,0
2006-07,4.0,83.47258,37077.12,1.2114473131859427,0.0,1.3862943611198906,4.37507744736485,0
2006-08,3.0,84.63161,36232.22,-2.3051289562230792,-0.25,1.0986122886681098,1.388515845562699,0
2006-09,7.0,81.24214,36449.4,0.5976219197787458,0.0,1.9459101490553132,-4.004969301659256,0
2006-10,5.0,83.41944,39262.79,7.435225360639741,0.5,1.6094379124341003,2.6800131064986576,0
2006-11,5.0,82.95932,41931.84,6.5768191861200975,0.5,1.6094379124341003,-0.5515740695454019,0
2006-12,2.0,81.30467,44473.71,5.885278519078874,0.0,0.6931471805599453,-1.9945317777436022,0
2007-01,8.0,80.24319,44641.6,0.37679316524208417,0.0,2.0794415416798357,-1.3055584630009553,0
2007-02,6.0,79.22355,43892.31,-1.6927025830545617,0.0,1.791759469228055,-1.270687269536508,0
2007-03,5.0,87.45866,45804.66,4.264669877508531,0.0,1.6094379124341003,10.394775290933044,0
2007-04,8.0,84.09345,48956.39,6.654406915629707,0.25,2.0794415416798357,-3.8477721931710285,0
2007-05,10.0,86.6152,52268.46,6.546322805859184,0.0,2.302585092994046,2.9987472270432525,0
2007-06,9.0,85.54866,54392.06,3.982505744287579,0.5,2.1972245773362196,-1.2313543119452541,0
2007-07,16.0,89.37689,54182.5,-0.3860209246527191,0.0,2.772588722239781,4.474915211997477,0
2007-08,11.0,90.2159,54637.24,0.8357723461223543,0.0,2.3978952727983707,0.9387325963120974,0
2007-09,11.0,86.15191,60465.06,10.134997600470363,0.0,2.3978952727983707,-4.504738078321013,0
2007-10,9.0,90.29815,65317.7,7.719737866838017,0.0,2.1972245773362196,4.812708157021706,0
2007-11,8.0,87.99803,63006.16,-3.603055682535228,0.0,2.0794415416798357,-2.5472504143219,0
2007-12,14.0,85.58635,63886.1,1.386931094505961,0.0,2.6390573296152584,-2.7406068067660216,0
2008-01,14.0,85.18548,59490.4,-7.128685533809609,0.0,2.6390573296152584,-0.4683807639886517,0
2008-02,12.0,85.22103,63489.3,6.505643276691586,0.0,2.4849066497880004,0.04173246426504296,0
2008-03,16.0,90.17302,60968.07,-4.052110325680935,0.0,2.772588722239781,5.810760559922823,0
2008-04,15.0,90.51454,67868.46,10.722113551418921,0.25,2.70805020110221,0.37873856282066853,0
2008-05,5.0,90.12562,72592.5,6.729019068858122,0.0,1.6094379124341003,-0.42967682319327016,0
2008-06,12.0,91.28901,65017.58,-11.020391584324507,0.0,2.4849066497880004,1.2908538104925205,0
2008-07,14.0,95.44629,59505.17,-8.859449533286679,0.25,2.6390573296152584,4.553976431555129,0
2008-08,13.0,93.58495,55680.41,-6.6434820028302255,0.0,2.5649493574615367,-1.9501438976831875,0
2008-09,13.0,92.69702,49541.27,-11.682231992236325,0.0,2.5649493574615367,-0.9487957198246244,0
2008-10,7.0,92.83368,37256.84,-28.49705074526483,-0.25,1.9459101490553132,0.14742653000063832,0
2008-11,6.0,87.0924,36595.87,-1.7900159619609113,0.0,1.791759469228055,-6.184479598352666,0
2008-12,10.0,83.11962,37550.31,2.5746241325006025,0.0,2.302585092994046,-4.56156909213663,0
2009-01,4.0,80.53122,39300.79,4.5562986619161805,-0.25,1.3862943611198906,-3.1140662096385774,0
2009-02,2.0,80.57159,38183.31,-2.88461113100027,0.0,0.6931471805599453,0.0501296267459983,0
2009-03,3.0,89.34817,40925.87,6.936387228640761,-0.5,1.0986122886681098,10.892896615295777,0
2009-04,11.0,86.05032,47289.53,14.452653649938974,0.0,2.3978952727983707,-3.691010123654459,0
2009-05,6.0,86.96903,53197.73,11.77268083341687,0.0,1.791759469228055,1.067642746709141,0
2009-06,7.0,87.81066,51465.46,-3.310482321245267,0.75,1.9459101490553132,0.9677352961163344,0
2009-07,5.0,91.88245,54765.72,6.21535477204187,0.0,1.6094379124341003,4.637011041711792,0
2009-08,2.0,91.36878,56488.98,3.0981124108727442,0.0,0.6931471805599453,-0.559051266047006,0
2009-09,6.0,90.74527,61517.89,8.528245193886441,0.0,1.791759469228055,-0.6824103375354218,0
2009-10,5.0,92.61548,61545.5,0.04487118461984352,0.0,1.6094379124341003,2.0609448845102296,0
2009-11,7.0,90.61457,67044.44,8.557894443165281,0.0,1.9459101490553132,-2.1604487716308407,0
2009-12,11.0,90.34028,68588.41,2.2767886923068303,0.0,2.3978952727983707,-0.3026996651862901,0
2010-01,12.0,87.94934,65401.77,-4.757424770368246,0.0,2.4849066497880004,-2.64659352395189,0
2010-02,9.0,89.2068,66503.27,1.6701797068083835,0.0,2.1972245773362196,1.429754902083391,0
2010-03,14.0,100.27383,70371.54,5.6537800679514305,0.0,2.6390573296152584,12.406038553114795,0
2010-04,11.0,95.67957,67529.73,-4.12209747089598,0.25,2.3978952727983707,-4.581713892847217,0
2010-05,14.0,95.43544,63046.51,-6.869523737137229,0.0,2.6390573296152584,-0.25515373867168734,0
2010-06,8.0,95.13566,60935.9,-3.4050215981269005,0.0,2.0794415416798357,-0.31411810958277275,0
2010-07,11.0,99.01527,67515.4,10.253322800169684,-0.25,2.3978952727983707,4.077976649344728,0
2010-08,10.0,98.95012,65145.45,-3.573325770625324,0.0,2.302585092994046,-0.06579793197554196,0
2010-09,13.0,97.49196,69429.78,6.369341980253296,0.0,2.5649493574615367,-1.4736313609321483,0
2010-10,6.0,97.39954,70673.3,1.7751967422032777,0.0,1.791759469228055,-0.09479756074245449,0
2010-11,8.0,97.64564,67705.4,-4.290190912261593,0.0,2.0794415416798357,0.25267059782827506,0
2010-12,21.0,95.55395,69304.81,2.334837175611959,0.0,3.044522437723423,-2.142123293984244,0
2011-01,12.0,92.74065,66574.88,-4.018698293665324,0.0,2.4849066497880004,-2.9442006322082936,0
2011-02,12.0,95.19997,67383.22,1.2068696277925284,0.0,2.4849066497880004,2.6518252783434226,0
2011-03,13.0,101.3192,68586.7,1.7702612886248303,0.0,2.5649493574615367,6.4277646305981095,0
2011-04,16.0,97.78948,66132.86,-3.6432889485151776,-0.5,2.772588722239781,-3.483762208939667,0
2011-05,9.0,100.12892,64620.08,-2.314055049659025,0.0,2.1972245773362196,2.3923227733698926,0
2011-06,9.0,99.09212,62403.64,-3.4901591395003706,0.0,2.1972245773362196,-1.035465078420894,0
2011-07,13.0,101.50119,58823.45,-5.908302208238148,0.0,2.5649493574615367,2.4311418506335336,0
2011-08,10.0,103.11781,56495.12,-4.038632218427907,-0.5,2.302585092994046,1.592710390883112,0
2011-09,6.0,99.48095,52324.42,-7.669107903770822,0.0,1.791759469228055,-3.5268980208171596,0
2011-10,8.0,99.28007,58338.39,10.87971835096777,0.0,2.0794415416798357,-0.20192810784377402,0
2011-11,16.0,99.17623,56874.98,-2.540484158999945,0.0,2.772588722239781,-0.1045929963586767,0
2011-12,23.0,97.33323,56754.08,-0.21279775723304084,0.0,3.1354942159291497,-1.8583081853383643,0
2012-01,6.0,93.21258,63072.31,10.55542979256181,0.0,1.791759469228055,-4.23354901506916,0
2012-02,15.0,94.61885,65811.73,4.251624394472842,0.0,2.70805020110221,1.508669752516223,0
2012-03,11.0,102.30778,64510.97,-1.996280306115139,-0.25,2.3978952727983707,8.126213751276822,0
2012-04,11.0,97.7648,61820.26,-4.260414440578586,0.0,2.3978952727983707,-4.440502960771897,0
2012-05,19.0,101.05704,54490.41,-12.620641957069267,0.0,2.9444389791664403,3.3675105968610453,0
2012-06,7.0,99.4616,54354.63,-0.24949243517546904,0.0,1.9459101490553132,-1.5787519602790678,0
2012-07,6.0,103.08446,56097.05,3.1553427944464474,0.0,1.791759469228055,3.642471064209718,0
2012-08,8.0,104.79624,57061.45,1.7045530833859956,0.0,2.0794415416798357,1.6605606703473885,0
2012-09,12.0,98.98619,59175.8,3.638391722165224,0.0,2.4849066497880004,-5.54413975157888,0
2012-10,7.0,103.25778,57068.18,-3.6265981151803572,-0.25,1.9459101490553132,4.315339341780922,0
2012-11,4.0,100.77409,57474.57,0.709589572805136,0.0,1.3862943611198906,-2.4053296516737044,0
2012-12,9.0,97.53188,60952.08,5.874539257049349,0.0,2.1972245773362196,-3.217305162467854,0
2013-01,12.0,97.39493,59761.49,-1.9726508098717233,0.0,2.4849066497880004,-0.1404156261521905,0
2013-02,6.0,95.16925,57424.29,-3.989408903358793,0.0,1.791759469228055,-2.285211355457617,0
2013-03,7.0,103.46958,56352.09,-1.884805512930754,0.0,1.9459101490553132,8.721651163584854,0
2013-04,8.0,104.71573,55910.37,-0.786945662120786,0.25,2.0794415416798357,1.2043636400186353,0
2013-05,7.0,102.78262,53506.08,-4.39545804905439,0.25,1.9459101490553132,-1.8460550291727884,0
2013-06,12.0,101.27719,47457.13,-11.99685151019736,0.0,2.4849066497880004,-1.4646736967786844,0
2013-07,7.0,106.34693,48234.49,1.6247548128704992,0.0,1.9459101490553132,5.005806341980845,0
2013-08,7.0,106.12456,50011.75,3.6183652488553264,0.0,1.9459101490553132,-0.2090986547519491,0
2013-09,7.0,102.951,52338.19,4.5468337102107625,0.0,1.9459101490553132,-2.990410513833941,0
2013-10,6.0,106.19151,54256.2,3.5990956682661945,0.0,1.791759469228055,3.147623626773899,0
2013-11,9.0,103.3155,52482.49,-3.323768144812256,0.0,2.1972245773362196,-2.708323857528716,0
2013-12,13.0,101.90477,51507.16,-1.8758763024367298,0.0,2.5649493574615367,-1.3654582323078368,0
2014-01,6.0,99.76897,47638.99,-7.806928354159304,0.25,1.791759469228055,-2.0958783381778923,0
2014-02,6.0,100.33641,47094.4,-1.1497445603000145,0.0,1.791759469228055,0.5687539923485252,0
2014-03,6.0,104.1816,50414.92,6.813306502694516,0.0,1.791759469228055,3.8322977670817604,0
2014-04,6.0,103.248,51626.69,2.375162380826268,0.0,1.791759469228055,-0.8961275311571315,0
2014-05,6.0,102.86346,51239.34,-0.7531190439348023,0.0,1.791759469228055,-0.37244304974430875,0
2014-06,15.0,98.48717,53168.22,3.695325304742525,0.0,2.70805020110221,-4.254465093824377,0
2014-07,8.0,104.75483,55829.41,4.88399420403951,0.0,2.0794415416798357,6.363935525815179,0
2014-08,11.0,103.65364,61288.15,9.328572120135448,0.0,2.3978952727983707,-1.0512068990040868,0
2014-09,6.0,103.54746,54115.98,-12.445699150811151,0.0,1.791759469228055,-0.1024373094857034,0
2014-10,4.0,104.65373,54628.6,0.9428033969767213,0.25,1.3862943611198906,1.0683700015432507,0
2014-11,4.0,101.30962,54724.0,0.17448149235193,0.0,1.3862943611198906,-3.1954045020660016,0
2014-12,8.0,101.69819,50007.41,-9.013117561025652,0.25,2.0794415416798357,0.3835469918848755,0
2015-01,3.0,96.9607,46907.68,-6.39897797361364,0.0,1.0986122886681098,-4.6583818256745735,0
2015-02,5.0,95.6889,51583.09,9.501249088805075,0.0,1.6094379124341003,-1.3116654479598422,0
2015-03,8.0,104.38635,51150.16,-0.8428285152040971,0.0,2.0794415416798357,9.089298758790187,0
2015-04,8.0,99.4552,56229.38,9.467377565320945,0.0,2.0794415416798357,-4.723941396552311,0
2015-05,9.0,97.5254,52760.47,-6.367716002742085,0.0,2.1972245773362196,-1.9403711419815117,0
2015-06,9.0,96.82317,53080.88,0.6054552002366265,0.0,2.1972245773362196,-0.7200483156182935,0
2015-07,5.0,99.84314,50864.77,-4.264624561347219,0.0,1.6094379124341003,3.1190571430371516,0
2015-08,9.0,98.19926,46625.52,-8.702251174536535,0.0,2.1972245773362196,-1.6464626412991512,0
2015-09,6.0,96.42512,45059.34,-3.4167742957123437,0.0,1.791759469228055,-1.8066734922442262,0
2015-10,3.0,97.72243,45868.81,1.7805077630821842,0.0,1.0986122886681098,1.3454066741114712,0
2015-11,12.0,95.06369,45120.36,-1.6451779509122133,0.0,2.4849066497880004,-2.7207059832630165,0
2015-12,12.0,95.40067,43349.96,-4.002780537728157,0.0,2.4849066497880004,0.3544781398660213,0
2016-01,6.0,89.87062,40405.99,-7.03277392007724,-0.5,1.791759469228055,-5.796657402930194,0
2016-02,3.0,91.4877,42793.86,5.741659304942814,0.0,1.0986122886681098,1.79934220994582,0
2016-03,6.0,97.99401,50055.27,15.67331605706741,0.0,1.791759469228055,7.111677307441333,0
2016-04,8.0,94.90952,53910.5,7.419746921426196,0.0,2.0794415416798357,-3.1476311664355827,0
2016-05,2.0,93.12232,48471.7,-10.634514165427511,0.0,0.6931471805599453,-1.883056620663548,0
2016-06,5.0,94.47215,51526.92,6.112426706318175,0.0,1.6094379124341003,1.449523594343427,0
2016-07,16.0,95.35551,57308.2,10.633933039258991,0.0,2.772588722239781,0.9350480538444339,0
2016-08,10.0,96.30267,57901.1,1.029266273218532,0.0,2.302585092994046,0.9932934132490301,0
2016-09,9.0,93.62165,58367.04,0.8014964276815917,0.0,2.1972245773362196,-2.783951888353675,0
2016-10,11.0,92.73418,64924.51,10.647386340233567,0.0,2.3978952727983707,-0.9479324493853802,0
2016-11,10.0,92.62471,61906.35,-4.760245110721684,0.0,2.302585092994046,-0.1180470890021379,0
2016-12,14.0,93.55165,60227.28,-2.749735342658788,0.0,2.6390573296152584,1.0007480725175766,0
2017-01,8.0,89.90447,64670.78,7.1184070803006705,-0.25,2.0794415416798357,-3.898573675611272,0
2017-02,4.0,90.4445,66662.1,3.0327098913971895,0.0,1.3862943611198906,0.6006709121359588,0
2017-03,8.0,99.01453,64984.06,-2.549456648127091,0.0,2.0794415416798357,9.475457324657643,0
2017-04,4.0,93.37047,65403.24,0.6429789468002767,0.0,1.3862943611198906,-5.700234096955259,0
2017-05,11.0,94.65152,62711.47,-4.202743300279721,0.0,2.3978952727983707,1.3720076593809694,0
2017-06,6.0,94.31754,62899.97,0.30013212411148515,0.0,1.791759469228055,-0.3528522310048632,0
2017-07,10.0,96.5409,65920.36,4.69016599926082,0.0,2.302585092994046,2.3573133904891908,0
2017-08,13.0,97.74903,70835.05,7.190658794545612,0.0,2.5649493574615367,1.2514177928732995,0
2017-09,5.0,94.18057,74293.5,4.766953002371643,1.0,1.6094379124341003,-3.6506346917202115,0
2017-10,4.0,95.02149,74308.49,0.02017469624853163,0.0,1.3862943611198906,0.8928805591216893,0
2017-11,7.0,94.53653,71970.99,-3.196209052635268,0.0,1.9459101490553132,-0.5103687597405648,0
2017-12,19.0,95.08815,76402.08,5.974679977610897,0.0,2.9444389791664403,0.5834993097377339,0
2018-01,10.0,92.28695,84912.7,10.56137489476967,0.0,2.302585092994046,-2.9458980956091785,0
2018-02,9.0,90.82494,85353.6,0.5178957732329792,0.0,2.1972245773362196,-1.5842001496419678,0
2018-03,6.0,98.72679,85365.56,0.014011315448669848,0.0,1.791759469228055,8.700088323757772,0
2018-04,11.0,97.04195,86115.5,0.8746677692972327,0.0,2.3978952727983707,-1.7065681969402613,0
2018-05,4.0,92.30996,76753.61,-11.508899726847766,0.25,1.3862943611198906,-4.876231361797656,0
2018-06,8.0,95.71848,72762.52,-5.3399433727097545,0.0,2.0794415416798357,3.692472621589249,0
2018-07,9.0,98.43506,79220.44,8.503335886666008,0.0,2.1972245773362196,2.8380935426471465,0
2018-08,5.0,100.01638,76677.53,-3.2625640461958483,0.0,1.6094379124341003,1.6064601372722365,0
2018-09,7.0,94.84516,79342.43,3.41643364261337,0.0,1.9459101490553132,-5.170373092887381,0
2018-10,9.0,97.75021,87423.55,9.69916548715446,0.0,2.1972245773362196,3.062939637615658,0
2018-11,5.0,96.3427,89504.03,2.3518955032987066,0.0,1.6094379124341003,-1.4399048349870602,0
2018-12,9.0,95.53914,87887.27,-1.8228681660126256,0.0,2.1972245773362196,-0.8340642311249202,0
2019-01,10.0,93.18627,97393.75,10.270706967186882,0.0,2.302585092994046,-2.462728887867327,0
2019-02,8.0,93.74618,95584.35,-1.8752936484087712,0.0,2.0794415416798357,0.6008503183999148,0
2019-03,9.0,97.03471,95414.56,-0.17779163737152714,0.0,2.1972245773362196,3.5079082689022822,0
2019-04,17.0,97.42994,96353.33,0.9790768403707517,0.0,2.833213344056216,0.4073078592186308,0
2019-05,14.0,97.37583,97030.32,0.7001551223167368,0.0,2.6390573296152584,-0.055537343038503106,0
2019-06,6.0,94.46255,100967.2,3.9772204641648656,0.0,1.791759469228055,-2.9917896463629634,0
2019-07,14.0,99.99017,101812.13,0.8333540601784151,-0.25,2.6390573296152584,5.851652321475553,0
2019-08,15.0,99.29552,101134.61,-0.667685045843669,0.0,2.70805020110221,-0.6947182908079941,0
2019-09,7.0,96.56005,104745.32,3.5079478234013806,0.0,1.9459101490553132,-2.7548775614448573,0
2019-10,15.0,99.88519,107219.83,2.334933287317753,0.0,2.70805020110221,3.443598051160901,0
2019-11,17.0,97.25728,108233.28,0.9407684804973115,0.0,2.833213344056216,-2.630930571389012,0
2019-12,18.0,96.42236,115645.34,6.623919619711494,0.0,2.8903717578961645,-0.8584652994613862,0
2020-01,6.0,93.56733,113760.57,-1.6432117284232106,0.0,1.791759469228055,-2.9609625817082263,0
2020-02,13.0,94.01505,104171.57,-8.80567251904072,0.0,2.5649493574615367,0.478500348358768,0
2020-03,9.0,95.26194,73019.76,-35.530916194915285,-0.25,2.1972245773362196,1.326266379691332,1
2020-04,5.0,83.69744,80505.89,9.760025999841382,0.0,1.6094379124341003,-12.139685586919601,1
2020-05,4.0,84.23223,87402.59,8.219456663993618,-0.25,1.3862943611198906,0.6389562213611422,1
2020-06,8.0,88.85592,95055.82,8.393938190129901,0.0,2.0794415416798357,5.4892171322069805,1
2020-07,14.0,95.4319,102912.24,7.941228821228918,0.0,2.6390573296152584,7.400722427948536,1
2020-08,22.0,94.94526,99369.15,-3.503488288609624,0.0,3.091042453358316,-0.5099343091775288,1
2020-09,15.0,95.78355,94603.38,-4.91484985107391,0.0,2.70805020110221,0.8829192736951708,1
2020-10,17.0,97.82627,93952.4,-0.6904933770323751,0.0,2.833213344056216,2.1326417740833215,1
2020-11,20.0,96.62274,108893.32,14.758041634185481,0.0,2.995732273553991,-1.230272809133992,1
2020-12,24.0,97.5046,119017.24,8.889966918991554,0.0,3.1780538303479458,0.9126837015799749,1
2021-01,6.0,91.88735,115067.55,-3.3749009347040726,0.0,1.791759469228055,-5.761010249772824,0
2021-02,14.0,94.05891,110035.17,-4.471930525757983,0.0,2.6390573296152584,2.3632850441328346,0
2021-03,16.0,101.08908,116633.72,5.823838396968917,0.25,2.772588722239781,7.474220145651267,0
2021-04,17.0,97.40669,118893.84,1.919256817946291,0.0,2.833213344056216,-3.642717888025093,0
2021-05,16.0,96.00952,126215.73,5.976159165048145,0.0,2.772588722239781,-1.4343675983651716,0
2021-06,18.0,96.46515,126801.66,0.46315476371781017,0.0,2.8903717578961645,0.47456752205405905,0
2021-07,19.0,99.84045,121800.79,-4.023729210262772,0.0,2.9444389791664403,3.4989838299116505,0
2021-08,24.0,99.18841,118781.03,-2.510512725381986,0.0,3.1780538303479458,-0.6530819923187492,0
2021-09,13.0,97.10213,110979.1,-6.79398187480551,0.0,2.5649493574615367,-2.1033505829965438,0
2021-10,22.0,96.53525,103500.71,-6.976342271030411,0.25,3.091042453358316,-0.5837976983615101,0
2021-11,23.0,97.85074,101915.45,-1.5434924615087553,0.0,3.1354942159291497,1.3627042971349868,0
2021-12,31.0,99.31719,104822.44,2.81243231332855,0.0,3.4339872044851463,1.498660102110616,0
2022-01,15.0,91.68135,112143.51,6.751151926272669,0.0,2.70805020110221,-7.688336732040046,0
2022-02,12.0,95.63869,113141.94,0.8863746299452302,0.0,2.4849066497880004,4.316406771933434,0
2022-03,15.0,104.52745,119999.23,5.884218942913932,0.0,2.70805020110221,9.294104718498343,0
2022-04,11.0,100.23187,107876.16,-10.650142356245595,0.0,2.3978952727983707,-4.109523383570535,0
2022-05,21.0,99.74515,111350.51,3.169907131322347,0.0,3.044522437723423,-0.4855940530691494,0
2022-06,9.0,99.31223,98541.95,-12.220062800733444,0.0,2.1972245773362196,-0.43402611555548587,0
2022-07,14.0,103.96198,103164.69,4.584429749938224,0.0,2.6390573296152584,4.681951054769384,0
2022-08,13.0,104.51378,109522.88,5.980683386367502,0.0,2.5649493574615367,0.5307709606915845,0
2022-09,10.0,101.18408,110036.79,0.46812872191352994,0.0,2.302585092994046,-3.1858956780627445,0
2022-10,14.0,100.08341,116037.08,5.309503077953082,0.0,2.6390573296152584,-1.087789699723507,0
2022-11,7.0,99.15286,112486.01,-3.108093684382318,0.0,1.9459101490553132,-0.9297744751103121,0
2022-12,14.0,99.96717,109734.6,-2.4764135153068523,0.0,2.6390573296152584,0.8212672836668489,0
2023-01,6.0,95.09937,113430.54,3.3125944001893615,0.0,1.791759469228055,-4.869398623568122,0
2023-02,8.0,98.65085,104931.93,-7.787881298975918,0.0,2.0794415416798357,3.734493719569354,0
2023-03,9.0,110.61559,101882.2,-2.9494610304887203,0.0,2.1972245773362196,12.128369902540115,0
2023-04,4.0,104.04073,104431.63,2.4715355000948236,0.0,1.3862943611198906,-5.943881870539225,0
2023-05,15.0,102.717,108335.07,3.6696325391114115,0.0,2.70805020110221,-1.2723190235208848,0
2023-06,4.0,102.28027,118087.0,8.619271663551586,0.0,1.3862943611198906,-0.42517791602169064,0
2023-07,11.0,105.34385,121942.98,3.2131917491497575,0.0,2.3978952727983707,2.9952795392503395,0
2023-08,6.0,106.05901,115741.81,-5.219162390588039,-0.25,1.791759469228055,0.6788815863479458,0
2023-09,8.0,101.7557,116565.17,0.7088581218512857,0.0,2.0794415416798357,-4.057467630520028,0
2023-10,9.0,101.93319,113143.67,-2.979208866527294,0.0,2.1972245773362196,0.17442757506458406,0
2023-11,6.0,101.6828,127331.12,11.813251051170148,0.0,1.791759469228055,-0.24564128719997136,0
2023-12,10.0,101.67956,134185.24,5.2430295803466365,0.0,2.302585092994046,-0.0031863796040254577,0
2024-01,5.0,99.29643,127752.28,-4.912815710923368,0.0,1.6094379124341003,-2.34376505956555,0
2024-02,4.0,102.15218,129020.02,0.9874509836135914,0.0,1.3862943611198906,2.875984564601164,0
2024-03,9.0,109.56614,128106.1,-0.7108759302251855,0.0,2.1972245773362196,7.257759942078579,0
2024-04,13.0,109.25735,125924.19,-1.7178767605768641,0.0,2.5649493574615367,-0.2818297696715488,0
2024-05,8.0,104.71633,122098.09,-3.0855321132124303,0.0,2.0794415416798357,-4.15626042549998,0
2024-06,7.0,105.86827,123906.55,1.4702914372998421,0.0,1.9459101490553132,1.1000576509891058,0
2024-07,9.0,111.51398,127651.81,2.97786705320906,0.0,2.1972245773362196,5.332768732312343,0
2024-08,7.0,110.06739,136004.01,6.337804761173338,0.0,1.9459101490553132,-1.2972274866344113,0
2024-09,6.0,107.07989,131816.44,-3.1274021859644563,0.0,1.791759469228055,-2.7142462449595617,0
2024-10,11.0,109.18606,129713.33,-1.6083487058415002,0.0,2.3978952727983707,1.9669146092697654,0
2024-11,10.0,105.49283,125667.83,-3.16847056459455,0.0,2.302585092994046,-3.3825105512553577,0
2024-12,14.0,104.15728,120283.4,-4.3791530934546685,0.25,2.6390573296152584,-1.266010211310098,0
