Reuniao,Data,Selic_esperada,Selic_decidida,Surpresa
R1/2006,2006-01-18,17.25,17.25,0.0
R1/2007,2007-01-24,13.0,13.0,0.0
R1/2008,2008-01-23,11.25,11.25,0.0
R1/2009,2009-01-21,13.0,12.75,-0.25
R1/2010,2010-01-26,8.75,8.75,0.0
R1/2011,2011-01-19,11.25,11.25,0.0
R1/2012,2012-01-18,10.5,10.5,0.0
R1/2013,2013-01-16,7.25,7.25,0.0
R1/2014,2014-01-15,10.25,10.5,0.25
R1/2015,2015-01-21,12.25,12.25,0.0
R1/2016,2016-01-20,14.75,14.25,-0.5
R1/2017,2017-01-11,13.25,13.0,-0.25
R1/2018,2018-02-07,6.75,6.75,0.0
R1/2019,2019-02-06,6.5,6.5,0.0
R1/2020,2020-02-05,4.25,4.25,0.0
R1/2021,2021-01-20,2.0,2.0,0.0
R1/2022,2022-02-02,10.75,10.75,0.0
R1/2023,2023-02-01,13.75,13.75,0.0
R1/2024,2024-01-31,11.25,11.25,0.0
R2/2006,2006-03-08,16.5,16.5,0.0
R2/2007,2007-03-07,12.75,12.75,0.0
R2/2008,2008-03-05,11.25,11.25,0.0
R2/2009,2009-03-11,11.75,11.25,-0.5
R2/2010,2010-03-16,8.75,8.75,0.0
R2/2011,2011-03-02,11.75,11.75,0.0
R2/2012,2012-03-07,10.0,9.75,-0.25
R2/2013,2013-03-06,7.25,7.25,0.0
R2/2014,2014-02-26,10.75,10.75,0.0
R2/2015,2015-03-04,12.75,12.75,0.0
R2/2016,2016-03-02,14.25,14.25,0.0
R2/2017,2017-02-22,12.25,12.25,0.0
R2/2018,2018-03-21,6.5,6.5,0.0
R2/2019,2019-03-20,6.5,6.5,0.0
R2/2020,2020-03-18,4.0,3.75,-0.25
R2/2021,2021-03-17,2.5,2.75,0.25
R2/2022,2022-03-16,11.75,11.75,0.0
R2/2023,2023-03-22,13.75,13.75,0.0
R2/2024,2024-03-20,10.75,10.75,0.0
R3/2006,2006-04-19,15.75,15.75,0.0
R3/2007,2007-04-17,12.5,12.75,0.25
R3/2008,2008-04-16,11.5,11.75,0.25
R3/2009,2009-04-29,10.25,10.25,0.0
R3/2010,2010-04-28,9.25,9.5,0.25
R3/2011,2011-04-20,12.25,11.75,-0.5
R3/2012,2012-04-18,9.0,9.0,0.0
R3/2013,2013-04-17,7.25,7.5,0.25
R3/2014,2014-04-02,11.0,11.0,0.0
R3/2015,2015-04-29,13.25,13.25,0.0
R3/2016,2016-04-27,14.25,14.25,0.0
R3/2017,2017-04-12,11.25,11.25,0.0
R3/2018,2018-05-16,6.25,6.5,0.25
R3/2019,2019-05-08,6.5,6.5,0.0
R3/2020,2020-05-06,3.25,3.0,-0.25
R3/2021,2021-05-05,3.5,3.5,0.0
R3/2022,2022-05-04,12.75,12.75,0.0
R3/2023,2023-05-03,13.75,13.75,0.0
R3/2024,2024-05-08,10.5,10.5,0.0
R4/2006,2006-05-31,15.25,15.25,0.0
R4/2007,2007-06-06,12.0,12.5,0.5
R4/2008,2008-06-04,12.25,12.25,0.0
R4/2009,2009-06-09,9.5,10.25,0.75
R4/2010,2010-06-09,10.25,10.25,0.0
R4/2011,2011-06-08,12.25,12.25,0.0
R4/2012,2012-05-30,8.5,8.5,0.0
R4/2013,2013-05-29,7.75,8.0,0.25
R4/2014,2014-05-28,11.0,11.0,0.0
R4/2015,2015-06-03,13.75,13.75,0.0
R4/2016,2016-06-08,14.25,14.25,0.0
R4/2017,2017-05-31,10.25,10.25,0.0
R4/2018,2018-06-20,6.5,6.5,0.0
R4/2019,2019-06-19,6.5,6.5,0.0
R4/2020,2020-06-17,2.25,2.25,0.0
R4/2021,2021-06-16,4.25,4.25,0.0
R4/2022,2022-06-15,13.25,13.25,0.0
R4/2023,2023-06-21,13.75,13.75,0.0
R4/2024,2024-06-19,10.5,10.5,0.0
R5/2006,2006-07-19,14.75,14.75,0.0
R5/2007,2007-07-18,11.5,11.5,0.0
R5/2008,2008-07-23,12.75,13.0,0.25
R5/2009,2009-07-22,8.75,8.75,0.0
R5/2010,2010-07-21,11.0,10.75,-0.25
R5/2011,2011-07-20,12.5,12.5,0.0
R5/2012,2012-07-11,8.0,8.0,0.0
R5/2013,2013-07-10,8.5,8.5,0.0
R5/2014,2014-07-16,11.0,11.0,0.0
R5/2015,2015-07-29,14.25,14.25,0.0
R5/2016,2016-07-20,14.25,14.25,0.0
R5/2017,2017-07-26,9.25,9.25,0.0
R5/2018,2018-08-01,6.5,6.5,0.0
R5/2019,2019-07-31,6.25,6.0,-0.25
R5/2020,2020-08-05,2.0,2.0,0.0
R5/2021,2021-08-04,5.25,5.25,0.0
R5/2022,2022-08-03,13.75,13.75,0.0
R5/2023,2023-08-02,13.5,13.25,-0.25
R5/2024,2024-07-31,10.5,10.5,0.0
R6/2006,2006-08-30,14.5,14.25,-0.25
R6/2007,2007-09-05,11.25,11.25,0.0
R6/2008,2008-09-10,13.75,13.75,0.0
R6/2009,2009-09-02,8.75,8.75,0.0
R6/2010,2010-09-01,10.75,10.75,0.0
R6/2011,2011-08-31,12.5,12.0,-0.5
R6/2012,2012-08-29,7.5,7.5,0.0
R6/2013,2013-08-28,9.0,9.0,0.0
R6/2014,2014-09-03,11.0,11.0,0.0
R6/2015,2015-09-02,14.25,14.25,0.0
R6/2016,2016-08-31,14.25,14.25,0.0
R6/2017,2017-09-06,8.25,9.25,1.0
R6/2018,2018-09-19,6.5,6.5,0.0
R6/2019,2019-09-18,5.5,5.5,0.0
R6/2020,2020-09-16,2.0,2.0,0.0
R6/2021,2021-09-22,6.25,6.25,0.0
R6/2022,2022-09-21,13.75,13.75,0.0
R6/2023,2023-09-20,12.75,12.75,0.0
R6/2024,2024-09-18,10.75,10.75,0.0
R7/2006,2006-10-17,13.75,14.25,0.5
R7/2007,2007-10-17,11.25,11.25,0.0
R7/2008,2008-10-29,14.0,13.75,-0.25
R7/2009,2009-10-21,8.75,8.75,0.0
R7/2010,2010-10-20,10.75,10.75,0.0
R7/2011,2011-10-19,11.5,11.5,0.0
R7/2012,2012-10-10,7.5,7.25,-0.25
R7/2013,2013-10-09,9.5,9.5,0.0
R7/2014,2014-10-29,11.0,11.25,0.25
R7/2015,2015-10-21,14.25,14.25,0.0
R7/2016,2016-10-19,14.0,14.0,0.0
R7/2017,2017-10-25,7.5,7.5,0.0
R7/2018,2018-10-31,6.5,6.5,0.0
R7/2019,2019-10-30,5.0,5.0,0.0
R7/2020,2020-10-28,2.0,2.0,0.0
R7/2021,2021-10-27,7.5,7.75,0.25
R7/2022,2022-10-26,13.75,13.75,0.0
R7/2023,2023-11-01,12.25,12.25,0.0
R7/2024,2024-11-06,11.25,11.25,0.0
R8/2006,2006-11-28,13.25,13.75,0.5
R8/2007,2007-12-05,11.25,11.25,0.0
R8/2008,2008-12-10,13.75,13.75,0.0
R8/2009,2009-12-09,8.75,8.75,0.0
R8/2010,2010-12-08,10.75,10.75,0.0
R8/2011,2011-11-30,11.0,11.0,0.0
R8/2012,2012-11-28,7.25,7.25,0.0
R8/2013,2013-11-27,10.0,10.0,0.0
R8/2014,2014-12-03,11.5,11.75,0.25
R8/2015,2015-11-25,14.25,14.25,0.0
R8/2016,2016-11-30,13.75,13.75,0.0
R8/2017,2017-12-06,7.0,7.0,0.0
R8/2018,2018-12-12,6.5,6.5,0.0
R8/2019,2019-12-11,4.5,4.5,0.0
R8/2020,2020-12-09,2.0,2.0,0.0
R8/2021,2021-12-08,9.25,9.25,0.0
R8/2022,2022-12-07,13.75,13.75,0.0
R8/2023,2023-12-13,11.75,11.75,0.0
R8/2024,2024-12-11,12.0,12.25,0.25
