,nível | Selic_lag1,nível | Selic_lag2
const,192.4829*** (0.001) [101.4138; 283.5521],99.4941 (0.176) [-50.6239; 249.6121]
N_MA_lag1,0.0003 (0.998) [-0.3136; 0.3143],0.2454 (0.428) [-0.4026; 0.8934]
Selic_lag,-89.4173** (0.014) [-157.2820; -21.5526],-8.5141 (0.836) [-95.5760; 78.5479]
Ibov_Ret,-0.2517 (0.215) [-0.6687; 0.1653],-0.4609* (0.074) [-0.9734; 0.0516]
Covid,8.3320 (0.512) [-18.3929; 35.0569],26.4438* (0.082) [-3.8595; 56.7472]
R2,0.550,0.292
R2_ajustado,0.412,0.075
F p-valor,0.025,0.306
n,18,18
graus de liberdade,13,13
Breusch-Pagan p-valor,0.240,0.642
Jarque-Bera p-valor,0.844,0.141
Durbin-Watson,1.394,1.706
VIF máximo (exceto const.),1.635,2.431
