,log | dSelic_lag1,log | dSelic_lag2
const,4.3860*** (0.002) [1.8552; 6.9167],3.1606*** (0.010) [0.8970; 5.4242]
log_N_MA_lag1,0.0782 (0.755) [-0.4529; 0.6093],0.3352 (0.161) [-0.1522; 0.8226]
dSelic_lag,0.2814 (0.298) [-0.2790; 0.8418],-0.5286** (0.030) [-0.9989; -0.0582]
Ibov_Ret,-0.0034* (0.087) [-0.0073; 0.0006],-0.0028 (0.249) [-0.0079; 0.0022]
Covid,0.3600** (0.011) [0.0995; 0.6206],0.2044* (0.073) [-0.0224; 0.4312]
R2,0.301,0.423
R2_ajustado,0.086,0.245
F p-valor,0.288,0.105
n,18,18
graus de liberdade,13,13
Breusch-Pagan p-valor,0.826,0.048
Jarque-Bera p-valor,0.726,0.673
Durbin-Watson,1.569,1.839
VIF máximo (exceto const.),1.583,1.315
