Ano,N_MA,IPCA,Ibov_Ret,Selic,IBC_Br,IIE_Br,Ibov_Nivel,Ibov_Vol,log_N_MA,log_N_MA_lag1,N_MA_lag1,dSelic,Selic_lag1,dSelic_lag1,Selic_lag2,dSelic_lag2,Covid
2005,65.0,5.55,24.461307853236747,1.4633333333333332,77.55186416666668,95.60000000000001,27953.2975,24.108333333333334,4.174387269895637,,,,,,,,0
2006,60.0,3.1,28.466887878783886,1.1775,81.01252416666667,94.05833333333334,38658.03,23.24083333333333,4.0943445622221,4.174387269895637,65.0,-0.28583333333333316,1.4633333333333332,-0.28583333333333316,,,0
2007,115.0,4.37,36.22035822622127,0.9375,86.06749500000001,94.02499999999999,54287.52,26.83583333333333,4.74493212836325,4.0943445622221,60.0,-0.24,1.1775,-0.24,1.4633333333333332,-0.28583333333333316,0
2008,137.0,5.75,-53.14201764992479,0.985,89.773555,103.16666666666667,55463.01500000001,45.32583333333333,4.919980925828125,4.74493212836325,115.0,0.04749999999999999,0.9375,0.04749999999999999,1.1775,-0.24,0
2009,69.0,4.2299999999999995,60.24419361856026,0.7916666666666666,88.23731833333333,111.61666666666667,53359.46916666667,29.915833333333335,4.23410650459726,4.919980925828125,137.0,-0.19333333333333336,0.985,-0.19333333333333336,0.9375,0.04749999999999999,0
2010,137.0,5.76,1.039074213582758,0.7808333333333334,95.81142666666666,99.425,66963.57166666667,19.535,4.919980925828125,4.23410650459726,69.0,-0.01083333333333325,0.7916666666666666,-0.01083333333333325,0.985,-0.19333333333333336,0
2011,147.0,6.32,-19.97867641062463,0.9199999999999999,98.84665166666667,101.03333333333335,61275.98500000001,22.78,4.990432586778736,4.919980925828125,137.0,0.13916666666666655,0.7808333333333334,0.13916666666666655,0.7916666666666666,-0.01083333333333325,0
2012,115.0,5.6899999999999995,7.136043362767985,0.6808333333333333,99.73777416666667,98.93333333333334,59324.119999999995,20.800833333333333,4.74493212836325,4.990432586778736,147.0,-0.23916666666666664,0.9199999999999999,-0.23916666666666664,0.7808333333333334,0.13916666666666655,0
2013,101.0,5.76,-16.83671545458001,0.66,102.63696416666666,91.00833333333333,53270.144166666665,19.933333333333334,4.61512051684126,4.74493212836325,115.0,-0.02083333333333326,0.6808333333333333,-0.02083333333333326,0.9199999999999999,-0.23916666666666664,0
2014,86.0,6.23,-2.954963268464006,0.8666666666666667,102.37525666666666,94.03333333333335,52648.00916666666,23.575833333333335,4.454347296253507,4.61512051684126,101.0,0.20666666666666667,0.66,0.20666666666666667,0.6808333333333333,-0.02083333333333326,0
2015,89.0,10.19,-14.28654139435146,1.045,97.79116916666668,112.72500000000001,49050.034999999996,22.8575,4.48863636973214,4.454347296253507,86.0,0.17833333333333323,0.8666666666666667,0.17833333333333323,0.66,0.20666666666666667,0
2016,100.0,6.12,32.881962531262054,1.1,93.83722416666666,117.90833333333335,53983.22666666666,25.15416666666667,4.605170185988092,4.48863636973214,89.0,0.05500000000000016,1.045,0.05500000000000016,0.8666666666666667,0.17833333333333323,0
2017,99.0,2.91,23.788451511605047,0.7941666666666668,94.56830833333333,111.325,68421.84083333334,17.953333333333333,4.59511985013459,4.605170185988092,100.0,-0.3058333333333333,1.1,-0.3058333333333333,1.045,0.05500000000000016,0
2018,92.0,3.69,14.004504960715103,0.52,95.81981,114.26666666666667,82609.895,21.25166666666667,4.5217885770490405,4.59511985013459,99.0,-0.2741666666666668,0.7941666666666668,-0.2741666666666668,1.1,-0.3058333333333333,0
2019,150.0,4.23,27.447312333521623,0.4825,96.88717083333334,113.0,101794.50166666666,17.349999999999998,5.0106352940962555,4.5217885770490405,92.0,-0.03750000000000003,0.52,-0.03750000000000003,0.7941666666666668,-0.2741666666666668,0
2020,157.0,4.4399999999999995,2.8740262692757312,0.22666666666666668,93.1453525,155.93333333333334,97721.99416666666,34.31916666666667,5.056245805348308,5.0106352940962555,150.0,-0.2558333333333333,0.4825,-0.2558333333333333,0.52,-0.03750000000000003,1
2021,219.0,9.629999999999999,-12.700048546441778,0.3625,97.22923916666667,126.25,114620.59916666667,20.611666666666668,5.389071729816501,5.056245805348308,157.0,0.1358333333333333,0.22666666666666668,0.1358333333333333,0.4825,-0.2558333333333333,0
2022,155.0,5.66,4.579685209958306,0.9775,100.00000166666666,116.09166666666665,110336.27916666667,20.383333333333333,5.043425116919247,5.389071729816501,219.0,0.615,0.3625,0.615,0.22666666666666668,0.1358333333333333,0
2023,96.0,4.53,20.11565101888504,1.0258333333333334,102.65482666666666,110.06666666666666,115000.69666666666,16.767500000000002,4.564348191467836,5.043425116919247,155.0,0.04833333333333334,0.9775,0.04833333333333334,0.3625,0.615,0
2024,103.0,4.73,-10.937060829497192,0.8650000000000001,106.52951083333333,108.65833333333335,127328.67083333334,12.729999999999999,4.634728988229636,4.564348191467836,96.0,-0.16083333333333327,1.0258333333333334,-0.16083333333333327,0.9775,0.04833333333333334,0
