"Variável,Forma,ADF stat,ADF p-valor,PP stat,PP p-valor,""Estacionária (ADF e PP, 5%)"""
N_MA,nível,-3.8740390979445327,0.0022344332952333006,-12.229289679453883,1.0626737890470623e-22,True
N_MA,1ª diferença,-6.85320091324663,1.6737803445908626e-09,-43.602945099767204,0.0,True
IIE_Br,nível,-3.3364933065252087,0.013323971763244674,-3.25664045343311,0.016931451727054896,True
IIE_Br,1ª diferença,-12.340516791591686,6.133590668319755e-23,-13.906161559142262,5.617969902913413e-26,True
IBC_Br,nível,-2.299048921370544,0.1722748967836421,-3.7453421108266705,0.003518741853602804,False
IBC_Br,1ª diferença,-3.962844603220497,0.0016180642790504943,-28.04820615515098,0.0,True
Ibov_Ret,nível,-13.662443260602965,1.5124447055725712e-25,-13.633757464707749,1.7037691800487034e-25,True
Ibov_Ret,1ª diferença,-8.90333279345584,1.15547261394551e-14,-50.7182633247616,0.0,True
Ibov_Vol,nível,-8.26197046441092,5.054892590293068e-13,-8.907643343126384,1.1264820465239683e-14,True
Ibov_Vol,1ª diferença,-9.840415084695723,4.770017067241094e-17,-32.03167996565058,0.0,True
Selic,nível,-2.6777132291578027,0.07797488889216671,-2.8385405884175094,0.052975911429397185,False
Selic,1ª diferença,-4.634788963897684,0.00011138392625498703,-24.564917009685065,0.0,True
