lag,aic,bic,hqic,fpe
0,18.07014801151338,18.16039394911744,18.106559517637717,70431301.71911098
1,11.576518559497845,12.208240122726295,11.831399102368213,106578.21232455809
2,10.987747122974461,12.160944311827297,11.461096702590858,59188.94294421722
3,10.775430812158135,12.490103626635355,11.46724942852056,47942.38805388795
4,10.749549732203912,13.005698172305518,11.659837385312366,46857.26367015387
5,10.765512650236921,13.563136715962912,11.894269340091405,47842.98109959363
6,10.826235216748449,14.165334908098826,12.173460943348962,51205.65137392739
7,10.657966520951911,14.538541837926672,12.223661284298455,43712.3784641936
8,10.604158357034086,15.026209299633233,12.388322157126659,41982.20809347524
9,10.583330279185994,15.546856847409526,12.585963116024594,41836.53400143058
10,10.59727629726829,16.10227849111621,12.81837817085292,43362.36750065789
11,10.536169523317895,16.5826473427902,12.975740433648555,41909.99752970878
12,10.36559291958379,16.95354636468048,13.023632866660481,36519.38678668119
