Periodo,N_MA,Selic,IPCA,IBC_Br,IIE_Br,Ibov_Nivel,Ibov_Vol,Ibov_Ret
2005-01,3.0,1.38,0.58,72.37047,93.1,24350.62,25.21,-7.3058959535247325
2005-02,3.0,1.22,0.59,72.70598,90.8,28139.13,25.61,14.460382314718956
2005-03,5.0,1.53,0.61,80.68877,91.4,26610.65,24.78,-5.584962276551408
2005-04,5.0,1.41,0.87,78.54155,98.3,24843.7,28.81,-6.87073123244808
2005-05,7.0,1.5,0.49,77.49933,99.6,25207.07,24.49,1.452031145061916
2005-06,3.0,1.59,-0.02,77.9434,100.4,25051.21,28.12,-0.6202380967065935
2005-07,6.0,1.51,0.25,79.10163,99.8,26042.36,26.19,3.8802313276526945
2005-08,6.0,1.66,0.17,80.4991,99.3,28044.83,22.17,7.407985822131025
2005-09,2.0,1.5,0.35,77.56388,95.4,31583.79,16.01,11.883971303744367
2005-10,5.0,1.41,0.75,77.82693,92.3,30193.51,36.02,-4.501701366868183
2005-11,6.0,1.38,0.55,78.10904,97.4,31916.76,16.2,5.550426304623812
2005-12,14.0,1.47,0.36,77.77229,89.4,33455.94,15.69,4.709808561402973
2006-01,4.0,1.43,0.59,75.88664,93.4,38382.8,20.73,13.738009329799539
2006-02,4.0,1.15,0.41,75.35799,89.0,38610.39,22.61,0.5911968652853261
2006-03,6.0,1.42,0.43,83.25463,92.3,37951.97,23.93,-1.7199998332459998
2006-04,7.0,1.08,0.21,78.7236,90.1,40363.42,20.22,6.160251635635561
2006-05,8.0,1.28,0.1,81.924,98.0,36530.04,32.99,-9.978899346211634
2006-06,5.0,1.18,-0.21,79.97367,94.1,36630.66,37.72,0.2750658849407728
2006-07,4.0,1.17,0.19,83.47258,93.5,37077.12,27.45,1.2114473131859427
2006-08,3.0,1.26,0.05,84.63161,94.0,36232.22,17.5,-2.3051289562230792
2006-09,7.0,1.06,0.21,81.24214,96.4,36449.4,22.36,0.5976219197787458
2006-10,5.0,1.09,0.33,83.41944,98.5,39262.79,18.9,7.435225360639741
2006-11,5.0,1.02,0.31,82.95932,91.7,41931.84,18.14,6.5768191861200975
2006-12,2.0,0.99,0.48,81.30467,97.7,44473.71,16.34,5.885278519078874
2007-01,8.0,1.08,0.44,80.24319,91.8,44641.6,24.93,0.37679316524208417
2007-02,6.0,0.87,0.44,79.22355,97.0,43892.31,31.71,-1.6927025830545617
2007-03,5.0,1.05,0.37,87.45866,91.5,45804.66,31.56,4.264669877508531
2007-04,8.0,0.94,0.25,84.09345,95.5,48956.39,13.28,6.654406915629707
2007-05,10.0,1.03,0.28,86.6152,96.8,52268.46,20.54,6.546322805859184
2007-06,9.0,0.91,0.28,85.54866,89.3,54392.06,18.55,3.982505744287579
2007-07,16.0,0.97,0.24,89.37689,88.4,54182.5,26.86,-0.3860209246527191
2007-08,11.0,0.99,0.47,90.2159,96.2,54637.24,34.69,0.8357723461223543
2007-09,11.0,0.8,0.18,86.15191,96.2,60465.06,26.73,10.134997600470363
2007-10,9.0,0.93,0.3,90.29815,97.2,65317.7,29.77,7.719737866838017
2007-11,8.0,0.84,0.38,87.99803,96.3,63006.16,36.22,-3.603055682535228
2007-12,14.0,0.84,0.74,85.58635,92.1,63886.1,27.19,1.386931094505961
2008-01,14.0,0.93,0.54,85.18548,99.3,59490.4,45.73,-7.128685533809609
2008-02,12.0,0.8,0.49,85.22103,98.0,63489.3,27.69,6.505643276691586
2008-03,16.0,0.84,0.48,90.17302,97.4,60968.07,35.27,-4.052110325680935
2008-04,15.0,0.9,0.55,90.51454,95.1,67868.46,28.77,10.722113551418921
2008-05,5.0,0.88,0.79,90.12562,92.3,72592.5,21.64,6.729019068858122
2008-06,12.0,0.96,0.74,91.28901,91.9,65017.58,28.2,-11.020391584324507
2008-07,14.0,1.07,0.53,95.44629,92.4,59505.17,29.64,-8.859449533286679
2008-08,13.0,1.02,0.28,93.58495,90.5,55680.41,29.79,-6.6434820028302255
2008-09,13.0,1.1,0.26,92.69702,98.7,49541.27,75.3,-11.682231992236325
2008-10,7.0,1.18,0.45,92.83368,132.4,37256.84,105.69,-28.49705074526483
2008-11,6.0,1.02,0.36,87.0924,128.2,36595.87,70.01,-1.7900159619609113
2008-12,10.0,1.12,0.28,83.11962,121.8,37550.31,46.18,2.5746241325006025
2009-01,4.0,1.05,0.48,80.53122,120.0,39300.79,48.61,4.5562986619161805
2009-02,2.0,0.86,0.55,80.57159,123.6,38183.31,34.53,-2.88461113100027
2009-03,3.0,0.97,0.2,89.34817,125.6,40925.87,43.19,6.936387228640761
2009-04,11.0,0.84,0.48,86.05032,117.1,47289.53,28.77,14.452653649938974
2009-05,6.0,0.77,0.47,86.96903,111.8,53197.73,37.78,11.77268083341687
2009-06,7.0,0.76,0.36,87.81066,109.1,51465.46,29.55,-3.310482321245267
2009-07,5.0,0.79,0.24,91.88245,109.0,54765.72,22.9,6.21535477204187
2009-08,2.0,0.69,0.15,91.36878,106.8,56488.98,19.94,3.0981124108727442
2009-09,6.0,0.69,0.24,90.74527,109.0,61517.89,15.8,8.528245193886441
2009-10,5.0,0.69,0.28,92.61548,106.0,61545.5,37.16,0.04487118461984352
2009-11,7.0,0.66,0.41,90.61457,101.9,67044.44,23.09,8.557894443165281
2009-12,11.0,0.73,0.37,90.34028,99.5,68588.41,17.67,2.2767886923068303
2010-01,12.0,0.66,0.75,87.94934,103.2,65401.77,18.15,-4.757424770368246
2010-02,9.0,0.59,0.78,89.2068,104.2,66503.27,26.68,1.6701797068083835
2010-03,14.0,0.76,0.52,100.27383,96.7,70371.54,12.81,5.6537800679514305
2010-04,11.0,0.67,0.57,95.67957,96.9,67529.73,17.96,-4.12209747089598
2010-05,14.0,0.75,0.43,95.43544,103.5,63046.51,33.73,-6.869523737137229
2010-06,8.0,0.79,0.0,95.13566,101.2,60935.9,23.37,-3.4050215981269005
2010-07,11.0,0.86,0.01,99.01527,96.4,67515.4,15.86,10.253322800169684
2010-08,10.0,0.89,0.04,98.95012,98.1,65145.45,18.81,-3.573325770625324
2010-09,13.0,0.85,0.45,97.49196,98.9,69429.78,15.17,6.369341980253296
2010-10,6.0,0.81,0.75,97.39954,97.7,70673.3,15.84,1.7751967422032777
2010-11,8.0,0.81,0.83,97.64564,101.5,67705.4,20.06,-4.290190912261593
2010-12,21.0,0.93,0.63,95.55395,94.8,69304.81,15.98,2.334837175611959
2011-01,12.0,0.86,0.83,92.74065,96.4,66574.88,14.67,-4.018698293665324
2011-02,12.0,0.84,0.8,95.19997,96.8,67383.22,20.07,1.2068696277925284
2011-03,13.0,0.92,0.79,101.3192,97.1,68586.7,16.08,1.7702612886248303
2011-04,16.0,0.84,0.77,97.78948,97.1,66132.86,15.51,-3.6432889485151776
2011-05,9.0,0.99,0.47,100.12892,94.1,64620.08,16.29,-2.314055049659025
2011-06,9.0,0.96,0.15,99.09212,96.7,62403.64,14.96,-3.4901591395003706
2011-07,13.0,0.97,0.16,101.50119,96.3,58823.45,18.05,-5.908302208238148
2011-08,10.0,1.07,0.37,103.11781,111.6,56495.12,47.29,-4.038632218427907
2011-09,6.0,0.94,0.53,99.48095,108.4,52324.42,31.51,-7.669107903770822
2011-10,8.0,0.88,0.43,99.28007,105.2,58338.39,32.09,10.87971835096777
2011-11,16.0,0.86,0.52,99.17623,107.0,56874.98,24.02,-2.540484158999945
2011-12,23.0,0.91,0.5,97.33323,105.7,56754.08,22.82,-0.21279775723304084
2012-01,6.0,0.89,0.56,93.21258,102.8,63072.31,14.89,10.55542979256181
2012-02,15.0,0.75,0.45,94.61885,96.9,65811.73,18.41,4.251624394472842
2012-03,11.0,0.82,0.21,102.30778,95.4,64510.97,20.6,-1.996280306115139
2012-04,11.0,0.71,0.64,97.7648,97.8,61820.26,18.6,-4.260414440578586
2012-05,19.0,0.74,0.36,101.05704,101.6,54490.41,27.02,-12.620641957069267
2012-06,7.0,0.64,0.08,99.4616,106.3,54354.63,27.79,-0.24949243517546904
2012-07,6.0,0.68,0.43,103.08446,105.6,56097.05,29.73,3.1553427944464474
2012-08,8.0,0.69,0.41,104.79624,98.8,57061.45,20.4,1.7045530833859956
2012-09,12.0,0.54,0.57,98.98619,97.5,59175.8,22.25,3.638391722165224
2012-10,7.0,0.61,0.59,103.25778,96.3,57068.18,14.19,-3.6265981151803572
2012-11,4.0,0.55,0.6,100.77409,93.4,57474.57,23.43,0.709589572805136
2012-12,9.0,0.55,0.79,97.53188,94.8,60952.08,12.3,5.874539257049349
2013-01,12.0,0.6,0.86,97.39493,95.6,59761.49,17.28,-1.9726508098717233
2013-02,6.0,0.49,0.6,95.16925,91.5,57424.29,12.13,-3.989408903358793
2013-03,7.0,0.55,0.47,103.46958,92.6,56352.09,18.32,-1.884805512930754
2013-04,8.0,0.61,0.55,104.71573,91.5,55910.37,23.22,-0.786945662120786
2013-05,7.0,0.6,0.37,102.78262,90.7,53506.08,15.54,-4.39545804905439
2013-06,12.0,0.61,0.26,101.27719,94.6,47457.13,26.63,-11.99685151019736
2013-07,7.0,0.72,0.03,106.34693,93.8,48234.49,25.67,1.6247548128704992
2013-08,7.0,0.71,0.24,106.12456,88.7,50011.75,22.98,3.6183652488553264
2013-09,7.0,0.71,0.35,102.951,92.2,52338.19,23.25,4.5468337102107625
2013-10,6.0,0.81,0.57,106.19151,90.7,54256.2,17.79,3.5990956682661945
2013-11,9.0,0.72,0.54,103.3155,85.1,52482.49,19.57,-3.323768144812256
2013-12,13.0,0.79,0.92,101.90477,85.1,51507.16,16.82,-1.8758763024367298
2014-01,6.0,0.85,0.55,99.76897,89.3,47638.99,17.39,-7.806928354159304
2014-02,6.0,0.79,0.69,100.33641,93.9,47094.4,22.92,-1.1497445603000145
2014-03,6.0,0.77,0.92,104.1816,96.4,50414.92,21.01,6.813306502694516
2014-04,6.0,0.82,0.67,103.248,94.3,51626.69,19.67,2.375162380826268
2014-05,6.0,0.87,0.46,102.86346,88.3,51239.34,18.98,-0.7531190439348023
2014-06,15.0,0.82,0.4,98.48717,93.3,53168.22,18.06,3.695325304742525
2014-07,8.0,0.95,0.01,104.75483,90.5,55829.41,16.36,4.88399420403951
2014-08,11.0,0.87,0.25,103.65364,96.0,61288.15,18.48,9.328572120135448
2014-09,6.0,0.91,0.57,103.54746,96.9,54115.98,25.12,-12.445699150811151
2014-10,4.0,0.95,0.42,104.65373,97.3,54628.6,45.21,0.9428033969767213
2014-11,4.0,0.84,0.51,101.30962,97.2,54724.0,26.86,0.17448149235193
2014-12,8.0,0.96,0.78,101.69819,95.0,50007.41,32.85,-9.013117561025652
2015-01,3.0,0.94,1.24,96.9607,99.0,46907.68,26.96,-6.39897797361364
2015-02,5.0,0.82,1.22,95.6889,97.4,51583.09,19.4,9.501249088805075
2015-03,8.0,1.04,1.32,104.38635,109.2,51150.16,23.26,-0.8428285152040971
2015-04,8.0,0.95,0.71,99.4552,103.6,56229.38,18.53,9.467377565320945
2015-05,9.0,0.99,0.74,97.5254,105.1,52760.47,18.77,-6.367716002742085
2015-06,9.0,1.07,0.79,96.82317,105.7,53080.88,18.17,0.6054552002366265
2015-07,5.0,1.18,0.62,99.84314,118.4,50864.77,18.33,-4.264624561347219
2015-08,9.0,1.11,0.22,98.19926,126.6,46625.52,26.88,-8.702251174536535
2015-09,6.0,1.11,0.54,96.42512,136.8,45059.34,25.12,-3.4167742957123437
2015-10,3.0,1.11,0.82,97.72243,121.0,45868.81,25.39,1.7805077630821842
2015-11,12.0,1.06,1.01,95.06369,112.9,45120.36,28.11,-1.6451779509122133
2015-12,12.0,1.16,0.96,95.40067,117.0,43349.96,25.37,-4.002780537728157
2016-01,6.0,1.06,1.27,89.87062,113.6,40405.99,28.93,-7.03277392007724
2016-02,3.0,1.0,0.9,91.4877,115.5,42793.86,33.97,5.741659304942814
2016-03,6.0,1.16,0.43,97.99401,123.3,50055.27,37.9,15.67331605706741
2016-04,8.0,1.06,0.61,94.90952,128.3,53910.5,30.65,7.419746921426196
2016-05,2.0,1.11,0.78,93.12232,120.7,48471.7,21.81,-10.634514165427511
2016-06,5.0,1.16,0.35,94.47215,119.7,51526.92,26.48,6.112426706318175
2016-07,16.0,1.11,0.52,95.35551,117.7,57308.2,13.07,10.633933039258991
2016-08,10.0,1.22,0.44,96.30267,112.0,57901.1,16.87,1.029266273218532
2016-09,9.0,1.11,0.08,93.62165,110.7,58367.04,23.94,0.8014964276815917
2016-10,11.0,1.05,0.26,92.73418,114.0,64924.51,12.24,10.647386340233567
2016-11,10.0,1.04,0.18,92.62471,116.2,61906.35,32.28,-4.760245110721684
2016-12,14.0,1.12,0.3,93.55165,123.2,60227.28,23.71,-2.749735342658788
2017-01,8.0,1.09,0.38,89.90447,113.9,64670.78,20.36,7.1184070803006705
2017-02,4.0,0.87,0.33,90.4445,108.3,66662.1,16.53,3.0327098913971895
2017-03,8.0,1.05,0.25,99.01453,111.9,64984.06,20.76,-2.549456648127091
2017-04,4.0,0.79,0.14,93.37047,109.2,65403.24,16.73,0.6429789468002767
2017-05,11.0,0.93,0.31,94.65152,116.6,62711.47,37.32,-4.202743300279721
2017-06,6.0,0.81,-0.23,94.31754,124.0,62899.97,13.33,0.30013212411148515
2017-07,10.0,0.8,0.24,96.5409,119.8,65920.36,10.99,4.69016599926082
2017-08,13.0,0.8,0.19,97.74903,112.1,70835.05,12.31,7.190658794545612
2017-09,5.0,0.64,0.16,94.18057,107.1,74293.5,13.21,4.766953002371643
2017-10,4.0,0.64,0.42,95.02149,103.8,74308.49,16.58,0.02017469624853163
2017-11,7.0,0.57,0.28,94.53653,103.1,71970.99,23.17,-3.196209052635268
2017-12,19.0,0.54,0.44,95.08815,106.1,76402.08,14.15,5.974679977610897
2018-01,10.0,0.58,0.29,92.28695,105.4,84912.7,18.36,10.56137489476967
2018-02,9.0,0.47,0.32,90.82494,104.3,85353.6,23.78,0.5178957732329792
2018-03,6.0,0.53,0.09,98.72679,111.3,85365.56,13.5,0.014011315448669848
2018-04,11.0,0.52,0.22,97.04195,116.4,86115.5,16.47,0.8746677692972327
2018-05,4.0,0.52,0.4,92.30996,119.7,76753.61,26.29,-11.508899726847766
2018-06,8.0,0.52,1.26,95.71848,127.7,72762.52,23.95,-5.3399433727097545
2018-07,9.0,0.54,0.33,98.43506,115.7,79220.44,15.67,8.503335886666008
2018-08,5.0,0.57,-0.09,100.01638,114.2,76677.53,23.5,-3.2625640461958483
2018-09,7.0,0.47,0.48,94.84516,121.5,79342.43,20.86,3.41643364261337
2018-10,9.0,0.54,0.45,97.75021,110.3,87423.55,32.67,9.69916548715446
2018-11,5.0,0.49,-0.21,96.3427,111.7,89504.03,21.92,2.3518955032987066
2018-12,9.0,0.49,0.15,95.53914,113.0,87887.27,18.05,-1.8228681660126256
2019-01,10.0,0.54,0.32,93.18627,111.5,97393.75,17.69,10.270706967186882
2019-02,8.0,0.49,0.43,93.74618,111.3,95584.35,21.26,-1.8752936484087712
2019-03,9.0,0.47,0.75,97.03471,109.2,95414.56,26.4,-0.17779163737152714
2019-04,17.0,0.52,0.57,97.42994,117.3,96353.33,16.98,0.9790768403707517
2019-05,14.0,0.54,0.13,97.37583,119.5,97030.32,19.89,0.7001551223167368
2019-06,6.0,0.47,0.01,94.46255,119.1,100967.2,15.77,3.9772204641648656
2019-07,14.0,0.57,0.19,99.99017,108.4,101812.13,13.35,0.8333540601784151
2019-08,15.0,0.5,0.11,99.29552,114.2,101134.61,24.18,-0.667685045843669
2019-09,7.0,0.46,-0.04,96.56005,116.9,104745.32,10.44,3.5079478234013806
2019-10,15.0,0.48,0.1,99.88519,111.1,107219.83,17.6,2.334933287317753
2019-11,17.0,0.38,0.51,97.25728,105.1,108233.28,14.44,0.9407684804973115
2019-12,18.0,0.37,1.15,96.42236,112.4,115645.34,10.2,6.623919619711494
2020-01,6.0,0.38,0.21,93.56733,112.9,113760.57,20.85,-1.6432117284232106
2020-02,13.0,0.29,0.25,94.01505,115.1,104171.57,33.32,-8.80567251904072
2020-03,9.0,0.34,0.07,95.26194,167.1,73019.76,123.94,-35.530916194915285
2020-04,5.0,0.28,-0.31,83.69744,210.5,80505.89,47.59,9.760025999841382
2020-05,4.0,0.24,-0.38,84.23223,190.3,87402.59,31.41,8.219456663993618
2020-06,8.0,0.21,0.26,88.85592,173.6,95055.82,26.3,8.393938190129901
2020-07,14.0,0.19,0.36,95.4319,163.7,102912.24,21.5,7.941228821228918
2020-08,22.0,0.16,0.24,94.94526,160.3,99369.15,21.33,-3.503488288609624
2020-09,15.0,0.16,0.64,95.78355,145.8,94603.38,22.24,-4.91484985107391
2020-10,17.0,0.16,0.86,97.82627,143.8,93952.4,25.65,-0.6904933770323751
2020-11,20.0,0.15,0.89,96.62274,145.8,108893.32,22.3,14.758041634185481
2020-12,24.0,0.16,1.35,97.5046,142.3,119017.24,15.4,8.889966918991554
2021-01,6.0,0.15,0.25,91.88735,137.4,115067.55,25.37,-3.3749009347040726
2021-02,14.0,0.13,0.86,94.05891,128.2,110035.17,27.7,-4.471930525757983
2021-03,16.0,0.2,0.93,101.08908,136.5,116633.72,23.27,5.823838396968917
2021-04,17.0,0.21,0.31,97.40669,129.4,118893.84,13.52,1.919256817946291
2021-05,16.0,0.27,0.83,96.00952,119.9,126215.73,15.74,5.976159165048145
2021-06,18.0,0.31,0.53,96.46515,122.3,126801.66,11.83,0.46315476371781017
2021-07,19.0,0.36,0.96,99.84045,119.3,121800.79,19.46,-4.023729210262772
2021-08,24.0,0.43,0.87,99.18841,119.6,118781.03,16.95,-2.510512725381986
2021-09,13.0,0.44,1.16,97.10213,131.4,110979.1,26.43,-6.79398187480551
2021-10,22.0,0.49,1.25,96.53525,127.1,103500.71,25.02,-6.976342271030411
2021-11,23.0,0.59,0.95,97.85074,125.2,101915.45,22.34,-1.5434924615087553
2021-12,31.0,0.77,0.73,99.31719,118.7,104822.44,19.71,2.81243231332855
2022-01,15.0,0.73,0.54,91.68135,116.4,112143.51,18.01,6.751151926272669
2022-02,12.0,0.76,1.01,95.63869,117.1,113141.94,12.62,0.8863746299452302
2022-03,15.0,0.93,1.62,104.52745,121.3,119999.23,20.68,5.884218942913932
2022-04,11.0,0.83,1.06,100.23187,114.9,107876.16,17.57,-10.650142356245595
2022-05,21.0,1.03,0.47,99.74515,116.9,111350.51,20.18,3.169907131322347
2022-06,9.0,1.02,0.67,99.31223,120.6,98541.95,18.72,-12.220062800733444
2022-07,14.0,1.03,-0.68,103.96198,120.8,103164.69,16.15,4.584429749938224
2022-08,13.0,1.17,-0.36,104.51378,116.6,109522.88,19.17,5.980683386367502
2022-09,10.0,1.07,-0.29,101.18408,111.7,110036.79,23.45,0.46812872191352994
2022-10,14.0,1.02,0.59,100.08341,112.0,116037.08,29.41,5.309503077953082
2022-11,7.0,1.02,0.41,99.15286,112.1,112486.01,27.72,-3.108093684382318
2022-12,14.0,1.12,0.62,99.96717,112.7,109734.6,20.92,-2.4764135153068523
2023-01,6.0,1.12,0.53,95.09937,113.3,113430.54,22.15,3.3125944001893615
2023-02,8.0,0.92,0.84,98.65085,111.7,104931.93,18.21,-7.787881298975918
2023-03,9.0,1.17,0.71,110.61559,116.7,101882.2,18.96,-2.9494610304887203
2023-04,4.0,0.92,0.61,104.04073,112.6,104431.63,20.6,2.4715355000948236
2023-05,15.0,1.12,0.23,102.717,111.8,108335.07,17.05,3.6696325391114115
2023-06,4.0,1.07,-0.08,102.28027,107.6,118087.0,15.68,8.619271663551586
2023-07,11.0,1.07,0.12,105.34385,103.5,121942.98,16.78,3.2131917491497575
2023-08,6.0,1.14,0.23,106.05901,108.5,115741.81,13.37,-5.219162390588039
2023-09,8.0,0.97,0.26,101.7557,106.8,116565.17,15.84,0.7088581218512857
2023-10,9.0,1.0,0.24,101.93319,110.9,113143.67,15.3,-2.979208866527294
2023-11,6.0,0.92,0.28,101.6828,110.4,127331.12,14.06,11.813251051170148
2023-12,10.0,0.89,0.56,101.67956,107.0,134185.24,13.21,5.2430295803466365
2024-01,5.0,0.97,0.42,99.29643,109.1,127752.28,11.52,-4.912815710923368
2024-02,4.0,0.8,0.83,102.15218,104.5,129020.02,14.56,0.9874509836135914
2024-03,9.0,0.83,0.16,109.56614,103.8,128106.1,10.49,-0.7108759302251855
2024-04,13.0,0.89,0.38,109.25735,106.5,125924.19,12.74,-1.7178767605768641
2024-05,8.0,0.83,0.46,104.71633,112.9,122098.09,9.86,-3.0855321132124303
2024-06,7.0,0.79,0.21,105.86827,110.6,123906.55,12.34,1.4702914372998421
2024-07,9.0,0.91,0.38,111.51398,110.3,127651.81,9.95,2.97786705320906
2024-08,7.0,0.87,-0.02,110.06739,107.8,136004.01,11.7,6.337804761173338
2024-09,6.0,0.84,0.44,107.07989,107.8,131816.44,12.22,-3.1274021859644563
2024-10,11.0,0.93,0.56,109.18606,104.8,129713.33,9.82,-1.6083487058415002
2024-11,10.0,0.79,0.39,105.49283,110.4,125667.83,17.17,-3.16847056459455
2024-12,14.0,0.93,0.52,104.15728,115.4,120283.4,20.39,-4.3791530934546685
