Especificação,lags,obs,Selic→N_MA (h=8),Selic IC,IIE→N_MA (h=8),IIE IC
Principal,2,238,-36.515375906392336,[-52.22; -23.04],0.06846129435463338,[-0.21; 0.36]
Selic ordenada primeiro,2,238,-11.82954154508053,[-32.97; 5.13],0.10320063786073738,[-0.17; 0.41]
Sem IIE-Br (5 variáveis),2,238,-41.818991321555515,[-58.79; -28.02],,
Variáveis em 1ª diferença,2,237,-6.269238526308716,[-10.24; -1.85],-0.09169837702408479,[-0.15; -0.04]
VAR(3),3,237,-21.26979506493217,[-39.20; -7.94],0.027550616733919155,[-0.23; 0.33]
Amostra: sem filtro de %,2,238,-41.747234672081056,[-59.61; -26.12],-0.03883929692938144,[-0.35; 0.32]
Amostra: sem filtro de valor,2,238,-88.77433686355843,[-117.68; -60.46],0.5163532090729742,[-0.13; 1.06]
Amostra: valor > US$ 5 MM,2,238,-28.160644779650223,[-42.70; -15.97],-0.003608937422403053,[-0.27; 0.27]
Amostra: sem duplicatas,2,238,-36.71065794987338,[-52.30; -23.17],0.06441461902696573,[-0.21; 0.36]
Subamostra 2005-2019 (sem pandemia),2,178,-30.543142681990126,[-43.25; -15.77],-0.17949868241441586,[-0.48; 0.19]
