lag_Selic,controles,coef_dSelic,p_valor_dSelic,R2_ajustado,AIC,BIC,n
1,(nenhum),1.3662532848798161,1.6353083047305727e-05,0.21458018219316732,295.36245991180687,312.57454846441584,231
1,IPCA,1.3207237703633932,2.6665399320990712e-05,0.22907344666012863,292.0356312860638,312.69013754919456,231
1,Ibov_Vol,1.3728185944834812,1.2600074968725063e-05,0.22877682939657917,292.1244924227758,312.7789986859066,231
1,"IPCA, Ibov_Vol",1.331119945242164,2.046890249625691e-05,0.2398310774721868,289.7605644704334,313.85748844408596,231
1,IIE_Br,1.3717777351369962,1.5659628678899026e-05,0.21260000018202252,296.91972684303425,317.574233106165,231
1,"IPCA, IIE_Br",1.3257496119029948,2.5906377654468962e-05,0.22658873591577844,293.7499964641185,317.8469204377711,231
1,dIBC_Br,1.3866853076659493,0.0004292229747976608,0.21111660591673598,297.354501678274,318.0090079414048,231
1,"IPCA, dIBC_Br",1.3530530932415317,0.0005263901411321908,0.2257003933862488,294.0151715051952,318.1120954788478,231
1,"IIE_Br, Ibov_Vol",1.3748327849021995,1.285618081214054e-05,0.22555611105926632,294.0582118378584,318.15513581151095,231
1,"dIBC_Br, Ibov_Vol",1.4306294537459812,0.00025436073126541093,0.22555092913377295,294.059757489908,318.1566814635606,231
1,"dIBC_Br, IIE_Br",1.4088435762778668,0.0003721907288633369,0.20917298693153208,298.8939752520606,322.9908992257132,231
3,(nenhum),0.8564285199698412,0.007473945252777382,0.17378990247834414,307.0581566821001,324.2702452347091,231
3,IPCA,0.7855850284505645,0.013659730795586853,0.18833689935332232,303.9303400926763,324.5848463558071,231
3,dIBC_Br,0.7549406216816854,0.018566831454103986,0.18664420619789568,304.4115803559849,325.06608661911565,231
5,dIBC_Br,0.7258242939309218,0.022310022775855094,0.18548253061024333,304.7412707715314,325.39577703466216,231
3,Ibov_Vol,0.8261604771322233,0.009411815130918882,0.18524621200562674,304.8082818328287,325.46278809595947,231
3,"IPCA, dIBC_Br",0.6912100635075679,0.030323275528001098,0.19988947655692835,301.5898890611788,325.68681303483135,231
5,"IPCA, dIBC_Br",0.658278115160405,0.03743548050193638,0.1985983147081749,301.9623600920659,326.0592840657185,231
2,IPCA,-0.7003135451686747,0.03421633915709153,0.1825398680991882,305.5743162449569,326.22882250808766,231
3,"dIBC_Br, Ibov_Vol",0.7301937653812238,0.022007679185957422,0.19684528092061016,302.4671113927309,326.56403536638345,231
3,"IPCA, Ibov_Vol",0.764624524563714,0.015873129097371617,0.1967230496418928,302.5022643668354,326.59918834048796,231
5,"dIBC_Br, Ibov_Vol",0.7164554057258377,0.023156121232768587,0.19652747175793406,302.5585002542831,326.65542422793567,231
2,(nenhum),-0.7246047036946528,0.0301560069369264,0.1647459774657829,309.57300763418544,326.7850961867944,231
2,Ibov_Vol,-0.7325906041232693,0.027139355724710018,0.1784641501182751,306.7231815316485,327.37768779477926,231
2,"IPCA, Ibov_Vol",-0.7095481915324763,0.030929519366202418,0.1925431114469336,303.7011811179297,327.7981050915823,231
5,IPCA,0.5436115900545586,0.08643404473998444,0.1768973650761695,307.163311636302,327.8178178994328,231
5,(nenhum),0.6102273315547401,0.05580237807809291,0.16087590340435343,310.640853289806,327.85294184241496,231
7,dIBC_Br,0.5434781740232008,0.09510218577563823,0.17659770730905167,307.24739391726894,327.9019001803997,231
7,"IPCA, dIBC_Br",0.5018261330575446,0.12028050889751175,0.1916956735771398,303.9434918802599,328.04041585391246,231
5,Ibov_Vol,0.6048966977922795,0.05604050884038765,0.17394683497398278,307.98988385082544,328.6443901139562,231
4,"IPCA, dIBC_Br",-0.42754460967874885,0.18482693272603506,0.1893223187141546,304.6207636022065,328.7176875758591,231
7,"dIBC_Br, Ibov_Vol",0.5680088478795408,0.07909211631982731,0.18903946001963812,304.7013492201811,328.79827319383367,231
4,dIBC_Br,-0.44202411766775757,0.17459039302122462,0.1731327671989058,308.2174201211678,328.87192638429855,231
8,"IPCA, dIBC_Br",-0.3692393233007367,0.2446625960793563,0.18785251918047075,305.03919904805286,329.13612302170543,231
3,IIE_Br,0.8623895077901351,0.007183672501401967,0.17147753540028754,308.6793762074111,329.3338824705419,231
2,"IPCA, dIBC_Br",-0.4013022909711179,0.2983042984077941,0.18686438490935642,305.32008432314865,329.4170082968012,231
5,"IPCA, Ibov_Vol",0.5448555027814358,0.08391479503640437,0.18648915016309864,305.42665846792073,329.5235824415733,231
2,dIBC_Br,-0.4019233536806873,0.30242811045856255,0.17025632027730697,309.01961199570496,329.67411825883573,231
3,"IPCA, IIE_Br",0.7911463623675893,0.013236535910815537,0.18553581824796772,305.69720278622367,329.79412675987624,231
8,dIBC_Br,-0.29729331708697104,0.35195292212478807,0.16952770184818933,309.22236979369643,329.8768760568272,231
7,IPCA,0.2884470260299719,0.3626844788621846,0.16912121949555337,309.3354072203295,329.98991348346027,231
4,IPCA,-0.27809593842910063,0.38598425997446584,0.1688361148275881,309.4146581087765,330.0691643719073,231
3,"dIBC_Br, IIE_Br",0.7609962447281552,0.017955602434036193,0.18377039285280483,306.1973744657722,330.2942984394248,231
9,"IPCA, dIBC_Br",-0.08759727841516178,0.775347454345823,0.18321690993734696,306.35396180717487,330.45088578082743,231
6,"IPCA, dIBC_Br",0.03587935136605547,0.9096722809773478,0.1829662656875557,306.42483734388406,330.52176131753663,231
9,IPCA,-0.17125016655172356,0.5780512528436326,0.1671975045320132,309.8696181428719,330.52412440600267,231
8,IPCA,-0.17309666450795405,0.5786795025960446,0.1671937155777481,309.8706691080755,330.5251753712063,231
4,"dIBC_Br, Ibov_Vol",-0.3857045913392355,0.23506958198141495,0.18294433888485961,306.43103662702896,330.5279606006815,231
7,(nenhum),0.32020834710894297,0.31717756653169304,0.15092884261666673,313.36304745281996,330.57513600542893,231
5,"dIBC_Br, IIE_Br",0.7327935781647572,0.021440047278470625,0.18263817783235226,306.5175790247697,330.61450299842227,231
2,"dIBC_Br, Ibov_Vol",-0.4380031177305672,0.2581580625876674,0.1824641559238348,306.56675526601015,330.6636792396627,231
6,dIBC_Br,0.09215951851681606,0.7723088570773049,0.1666273752144729,310.0277046199666,330.68221088309735,231
9,dIBC_Br,-0.05485592326161297,0.8594300054419524,0.16643297625600673,310.0815831867749,330.73608944990565,231
4,(nenhum),-0.2849883797137552,0.3796365035353853,0.1500673987466502,313.5972947874883,330.80938334009727,231
6,IPCA,0.04870964503493036,0.8788077281080399,0.16613534957266518,310.1640474528038,330.81855371593457,231
3,"IIE_Br, Ibov_Vol",0.8292069937302569,0.009360275360106893,0.1818191378853471,306.74893739333055,330.8458613669831,231
7,Ibov_Vol,0.35320106438282517,0.26654769316917976,0.16500757551234724,310.4762561512074,331.13076241433816,231
8,"dIBC_Br, Ibov_Vol",-0.2763870451440498,0.3838727293145193,0.18055858789374568,307.10455921180943,331.201483185462,231
9,(nenhum),-0.141989475149851,0.64814743954816,0.14794035080129175,314.1746750088748,331.38676356148375,231
6,(nenhum),0.10906546449638913,0.7348674552828559,0.14758677923470453,314.2705111286423,331.48259968125126,231
8,(nenhum),-0.09223582513625918,0.768679034819231,0.1474802023889934,314.29939115046835,331.5114797030773,231
2,"IPCA, IIE_Br",-0.6998111040171218,0.034692931789815355,0.179401711632159,307.43045188461934,331.5273758582719,231
7,"IPCA, Ibov_Vol",0.3205529302446539,0.30952236495890934,0.17934318186797082,307.44692753850126,331.5438515121538,231
6,"dIBC_Br, Ibov_Vol",0.12345422266468632,0.6966270175174426,0.17833278992937596,307.7311595941181,331.82808356777065,231
4,Ibov_Vol,-0.23172633620490482,0.4730694241029647,0.16232674036636274,311.21671906002956,331.87122532316033,231
2,IIE_Br,-0.7236164363540094,0.030657165797855237,0.16199673836372552,311.3077037609872,331.96221002411795,231
9,"dIBC_Br, Ibov_Vol",-0.022863200730743466,0.9408314208967169,0.17779404504303786,307.8825703913101,331.97949436496265,231
4,"IPCA, Ibov_Vol",-0.23174042766128272,0.46900357486217337,0.17747433565990278,307.97237576450027,332.06929973815284,231
6,Ibov_Vol,0.14149862278098477,0.6582243123642855,0.16113520854254704,311.545066988029,332.1995732511598,231
9,Ibov_Vol,-0.10489903424187492,0.7344604158492086,0.16083386517092968,311.62803365866847,332.28253992179924,231
8,Ibov_Vol,-0.07939544714413302,0.798649626935943,0.1606470158196951,311.67946256385596,332.33396882698673,231
8,"IPCA, Ibov_Vol",-0.1550313485907178,0.6171181555536491,0.1764639303007065,308.25596618211637,332.35289015576893,231
9,"IPCA, Ibov_Vol",-0.1361839846715996,0.6570576901044985,0.17626927559610783,308.31055993357495,332.4074839072275,231
6,"IPCA, Ibov_Vol",0.08266267268363608,0.7949751288460853,0.17579151281830885,308.4445008022523,332.5414247759049,231
2,"IIE_Br, Ibov_Vol",-0.7322829663293942,0.027548151738994275,0.17484654172747582,308.70919509384606,332.8061190674986,231
5,IIE_Br,0.6213707749548566,0.052187759267741524,0.15862185891093472,312.23613872137724,332.890644984508,231
5,"IPCA, IIE_Br",0.5530886580994451,0.08221548106907331,0.17409882198022786,308.9184229045142,333.0153468781668,231
7,"dIBC_Br, IIE_Br",0.551975575957456,0.09118324994708807,0.17367601582850967,309.03664919160127,333.13357316525384,231
5,"IIE_Br, Ibov_Vol",0.6094140855644196,0.055159928749203495,0.1704827064763983,309.92762272241083,334.0245466960634,231
4,"dIBC_Br, IIE_Br",-0.43576244969368466,0.18294672301463702,0.1696740117986687,310.15271443726556,334.2496384109181,231
2,"dIBC_Br, IIE_Br",-0.407301814243021,0.29723587663035916,0.1671179392462001,310.8627317136326,334.9596556872852,231
8,"dIBC_Br, IIE_Br",-0.29227326729180075,0.3617330121269005,0.16616830118795956,311.12596397404025,335.2228879476928,231
7,"IPCA, IIE_Br",0.29915368825010175,0.3473989529422455,0.16616182244502853,311.12775880122797,335.22468277488053,231
4,"IPCA, IIE_Br",-0.27155028424834377,0.3991112740013983,0.1655201266938281,311.3054607996699,335.40238477332247,231
7,IIE_Br,0.3339543457443503,0.2988653048516339,0.14847788196526646,315.0045082189303,335.6590144820611,231
9,"IPCA, IIE_Br",-0.16828836306896383,0.5854974607589368,0.16397455495961777,311.732908911993,335.82983288564554,231
8,"IPCA, IIE_Br",-0.1687131924083249,0.5893416000601172,0.16395189663296172,311.7391694900194,335.83609346367194,231
6,"dIBC_Br, IIE_Br",0.09916098238810436,0.7564163579448804,0.16341923306450756,311.8862975118502,335.9832214855028,231
4,IIE_Br,-0.2755300473924913,0.3973903677571515,0.1470997663212098,315.3780597425073,336.03256600563805,231
9,"dIBC_Br, IIE_Br",-0.053077145885116986,0.8642245181370802,0.163168494197667,311.9555221489792,336.05244612263175,231
6,"IPCA, IIE_Br",0.056475283751627664,0.8602070243667633,0.1629774061248992,312.0082643145116,336.1051882881642,231
7,"IIE_Br, Ibov_Vol",0.3574620861281722,0.2628645041260528,0.16143852099003664,312.4325731532675,336.5294971269201,231
9,IIE_Br,-0.13819690453386452,0.6575558358461469,0.1451230788718324,315.9128075032826,336.56731376641335,231
6,IIE_Br,0.11903375970503335,0.7125718523349682,0.1448915858006481,315.97535178207323,336.629858045204,231
8,IIE_Br,-0.0869808672436764,0.7819790190368392,0.14466631047062906,316.03619991183075,336.6907061749615,231
4,"IIE_Br, Ibov_Vol",-0.23016564900789138,0.4775648341728292,0.15862289442701982,313.2068994900079,337.3038234636605,231
6,"IIE_Br, Ibov_Vol",0.14397866964044082,0.6537366017710446,0.15748072118471468,313.5202703860814,337.61719435973396,231
9,"IIE_Br, Ibov_Vol",-0.10434357731193421,0.7363961725189105,0.1571492956112892,313.61112202009775,337.7080459937503,231
8,"IIE_Br, Ibov_Vol",-0.07822382182175287,0.8020718881160818,0.15695888570341587,313.6633017488541,337.7602257225067,231
