,log | dSelic_lag1,log | dSelic_lag3,log | dSelic_lag6
const,1.3477*** (0.000),1.2979*** (0.000),1.3219*** (0.000)
log_N_MA_lag1,0.3688*** (0.000),0.3915*** (0.000),0.3802*** (0.000)
dSelic_lag,1.3980*** (0.000),0.8771** (0.017),0.1271 (0.649)
Ibov_Ret,0.0018 (0.692),0.0009 (0.847),-0.0005 (0.914)
Covid,0.2506 (0.206),0.2473 (0.213),0.2375 (0.247)
R2,0.234,0.192,0.166
R2_ajustado,0.220,0.178,0.151
AIC,303.426,315.804,323.240
BIC,320.702,333.081,340.517
F p-valor,0.000,0.000,0.000
n,234,234,234
Breusch-Pagan p-valor,0.768,0.850,0.724
Jarque-Bera p-valor,0.021,0.010,0.017
Durbin-Watson,2.137,2.084,2.113
VIF máximo (exceto const.),1.039,1.039,1.045
