Periodo,N_MA,Selic,IPCA,IBC_Br,IIE_Br,Ibov_Nivel,Ibov_Vol,Ibov_Ret,log_N_MA,log_N_MA_lag1,N_MA_lag1,dSelic,dSelic_lag1,Selic_lag1,dSelic_lag2,Selic_lag2,dSelic_lag3,Selic_lag3,dSelic_lag4,Selic_lag4,dSelic_lag5,Selic_lag5,dSelic_lag6,Selic_lag6,dSelic_lag7,Selic_lag7,dSelic_lag8,Selic_lag8,dSelic_lag9,Selic_lag9,dIBC_Br,Covid,mes_2,mes_3,mes_4,mes_5,mes_6,mes_7,mes_8,mes_9,mes_10,mes_11,mes_12
2005-01,3.0,1.38,0.58,72.37047,93.1,24350.62,25.21,-7.3058959535247325,1.0986122886681098,,,,,,,,,,,,,,,,,,,,,,,0,0,0,0,0,0,0,0,0,0,0,0
2005-02,3.0,1.22,0.59,72.70598,90.8,28139.13,25.61,14.460382314718956,1.0986122886681098,1.0986122886681098,3.0,-0.15999999999999992,-0.15999999999999992,1.38,,,,,,,,,,,,,,,,,0.4636006923818492,0,1,0,0,0,0,0,0,0,0,0,0
2005-03,5.0,1.53,0.61,80.68877,91.4,26610.65,24.78,-5.584962276551408,1.6094379124341003,1.0986122886681098,3.0,0.31000000000000005,0.31000000000000005,1.22,-0.15999999999999992,1.38,,,,,,,,,,,,,,,10.979550787981962,0,0,1,0,0,0,0,0,0,0,0,0
2005-04,5.0,1.41,0.87,78.54155,98.3,24843.7,28.81,-6.87073123244808,1.6094379124341003,1.6094379124341003,5.0,-0.1200000000000001,-0.1200000000000001,1.53,0.31000000000000005,1.22,-0.15999999999999992,1.38,,,,,,,,,,,,,-2.661113808030535,0,0,0,1,0,0,0,0,0,0,0,0
2005-05,7.0,1.5,0.49,77.49933,99.6,25207.07,24.49,1.452031145061916,1.9459101490553132,1.6094379124341003,5.0,0.09000000000000008,0.09000000000000008,1.41,-0.1200000000000001,1.53,0.31000000000000005,1.22,-0.15999999999999992,1.38,,,,,,,,,,,-1.3269664273241388,0,0,0,0,1,0,0,0,0,0,0,0
2005-06,3.0,1.59,-0.02,77.9434,100.4,25051.21,28.12,-0.6202380967065935,1.0986122886681098,1.9459101490553132,7.0,0.09000000000000008,0.09000000000000008,1.5,0.09000000000000008,1.41,-0.1200000000000001,1.53,0.31000000000000005,1.22,-0.15999999999999992,1.38,,,,,,,,,0.5729985020515693,0,0,0,0,0,1,0,0,0,0,0,0
2005-07,6.0,1.51,0.25,79.10163,99.8,26042.36,26.19,3.8802313276526945,1.791759469228055,1.0986122886681098,3.0,-0.08000000000000007,-0.08000000000000007,1.59,0.09000000000000008,1.5,0.09000000000000008,1.41,-0.1200000000000001,1.53,0.31000000000000005,1.22,-0.15999999999999992,1.38,,,,,,,1.4859885506662618,0,0,0,0,0,0,1,0,0,0,0,0
2005-08,6.0,1.66,0.17,80.4991,99.3,28044.83,22.17,7.407985822131025,1.791759469228055,1.791759469228055,6.0,0.1499999999999999,0.1499999999999999,1.51,-0.08000000000000007,1.59,0.09000000000000008,1.5,0.09000000000000008,1.41,-0.1200000000000001,1.53,0.31000000000000005,1.22,-0.15999999999999992,1.38,,,,,1.7666766158927372,0,0,0,0,0,0,0,1,0,0,0,0
2005-09,2.0,1.5,0.35,77.56388,95.4,31583.79,16.01,11.883971303744367,0.6931471805599453,1.791759469228055,6.0,-0.15999999999999992,-0.15999999999999992,1.66,0.1499999999999999,1.51,-0.08000000000000007,1.59,0.09000000000000008,1.5,0.09000000000000008,1.41,-0.1200000000000001,1.53,0.31000000000000005,1.22,-0.15999999999999992,1.38,,,-3.6462767906721982,0,0,0,0,0,0,0,0,1,0,0,0
2005-10,5.0,1.41,0.75,77.82693,92.3,30193.51,36.02,-4.501701366868183,1.6094379124341003,0.6931471805599453,2.0,-0.09000000000000008,-0.09000000000000008,1.5,-0.15999999999999992,1.66,0.1499999999999999,1.51,-0.08000000000000007,1.59,0.09000000000000008,1.5,0.09000000000000008,1.41,-0.1200000000000001,1.53,0.31000000000000005,1.22,-0.15999999999999992,1.38,0.33913981611028987,0,0,0,0,0,0,0,0,0,1,0,0
2005-11,6.0,1.38,0.55,78.10904,97.4,31916.76,16.2,5.550426304623812,1.791759469228055,1.6094379124341003,5.0,-0.030000000000000027,-0.030000000000000027,1.41,-0.09000000000000008,1.5,-0.15999999999999992,1.66,0.1499999999999999,1.51,-0.08000000000000007,1.59,0.09000000000000008,1.5,0.09000000000000008,1.41,-0.1200000000000001,1.53,0.31000000000000005,1.22,0.36248378292704775,0,0,0,0,0,0,0,0,0,0,1,0
2005-12,14.0,1.47,0.36,77.77229,89.4,33455.94,15.69,4.709808561402973,2.6390573296152584,1.791759469228055,6.0,0.09000000000000008,0.09000000000000008,1.38,-0.030000000000000027,1.41,-0.09000000000000008,1.5,-0.15999999999999992,1.66,0.1499999999999999,1.51,-0.08000000000000007,1.59,0.09000000000000008,1.5,0.09000000000000008,1.41,-0.1200000000000001,1.53,-0.4311280742920309,0,0,0,0,0,0,0,0,0,0,0,1
2006-01,4.0,1.43,0.59,75.88664,93.4,38382.8,20.73,13.738009329799539,1.3862943611198906,2.6390573296152584,14.0,-0.040000000000000036,-0.040000000000000036,1.47,0.09000000000000008,1.38,-0.030000000000000027,1.41,-0.09000000000000008,1.5,-0.15999999999999992,1.66,0.1499999999999999,1.51,-0.08000000000000007,1.59,0.09000000000000008,1.5,0.09000000000000008,1.41,-2.424578214168571,0,0,0,0,0,0,0,0,0,0,0,0
2006-02,4.0,1.15,0.41,75.35799,89.0,38610.39,22.61,0.5911968652853261,1.3862943611198906,1.3862943611198906,4.0,-0.28,-0.28,1.43,-0.040000000000000036,1.47,0.09000000000000008,1.38,-0.030000000000000027,1.41,-0.09000000000000008,1.5,-0.15999999999999992,1.66,0.1499999999999999,1.51,-0.08000000000000007,1.59,0.09000000000000008,1.5,-0.6966311856737906,0,1,0,0,0,0,0,0,0,0,0,0
2006-03,6.0,1.42,0.43,83.25463,92.3,37951.97,23.93,-1.7199998332459998,1.791759469228055,1.3862943611198906,4.0,0.27,0.27,1.15,-0.28,1.43,-0.040000000000000036,1.47,0.09000000000000008,1.38,-0.030000000000000027,1.41,-0.09000000000000008,1.5,-0.15999999999999992,1.66,0.1499999999999999,1.51,-0.08000000000000007,1.59,10.47883575450992,0,0,1,0,0,0,0,0,0,0,0,0
2006-04,7.0,1.08,0.21,78.7236,90.1,40363.42,20.22,6.160251635635561,1.9459101490553132,1.791759469228055,6.0,-0.33999999999999986,-0.33999999999999986,1.42,0.27,1.15,-0.28,1.43,-0.040000000000000036,1.47,0.09000000000000008,1.38,-0.030000000000000027,1.41,-0.09000000000000008,1.5,-0.15999999999999992,1.66,0.1499999999999999,1.51,-5.442375997587168,0,0,0,1,0,0,0,0,0,0,0,0
2006-05,8.0,1.28,0.1,81.924,98.0,36530.04,32.99,-9.978899346211634,2.0794415416798357,1.9459101490553132,7.0,0.19999999999999996,0.19999999999999996,1.08,-0.33999999999999986,1.42,0.27,1.15,-0.28,1.43,-0.040000000000000036,1.47,0.09000000000000008,1.38,-0.030000000000000027,1.41,-0.09000000000000008,1.5,-0.15999999999999992,1.66,4.065362864503141,0,0,0,0,1,0,0,0,0,0,0,0
2006-06,5.0,1.18,-0.21,79.97367,94.1,36630.66,37.72,0.2750658849407728,1.6094379124341003,2.0794415416798357,8.0,-0.10000000000000009,-0.10000000000000009,1.28,0.19999999999999996,1.08,-0.33999999999999986,1.42,0.27,1.15,-0.28,1.43,-0.040000000000000036,1.47,0.09000000000000008,1.38,-0.030000000000000027,1.41,-0.09000000000000008,1.5,-2.380657682730347,0,0,0,0,0,1,0,0,0,0,0,0
2006-07,4.0,1.17,0.19,83.47258,93.5,37077.12,27.45,1.2114473131859427,1.3862943611198906,1.6094379124341003,5.0,-0.010000000000000009,-0.010000000000000009,1.18,-0.10000000000000009,1.28,0.19999999999999996,1.08,-0.33999999999999986,1.42,0.27,1.15,-0.28,1.43,-0.040000000000000036,1.47,0.09000000000000008,1.38,-0.030000000000000027,1.41,4.37507744736485,0,0,0,0,0,0,1,0,0,0,0,0
2006-08,3.0,1.26,0.05,84.63161,94.0,36232.22,17.5,-2.3051289562230792,1.0986122886681098,1.3862943611198906,4.0,0.09000000000000008,0.09000000000000008,1.17,-0.010000000000000009,1.18,-0.10000000000000009,1.28,0.19999999999999996,1.08,-0.33999999999999986,1.42,0.27,1.15,-0.28,1.43,-0.040000000000000036,1.47,0.09000000000000008,1.38,1.388515845562699,0,0,0,0,0,0,0,1,0,0,0,0
2006-09,7.0,1.06,0.21,81.24214,96.4,36449.4,22.36,0.5976219197787458,1.9459101490553132,1.0986122886681098,3.0,-0.19999999999999996,-0.19999999999999996,1.26,0.09000000000000008,1.17,-0.010000000000000009,1.18,-0.10000000000000009,1.28,0.19999999999999996,1.08,-0.33999999999999986,1.42,0.27,1.15,-0.28,1.43,-0.040000000000000036,1.47,-4.004969301659256,0,0,0,0,0,0,0,0,1,0,0,0
2006-10,5.0,1.09,0.33,83.41944,98.5,39262.79,18.9,7.435225360639741,1.6094379124341003,1.9459101490553132,7.0,0.030000000000000027,0.030000000000000027,1.06,-0.19999999999999996,1.26,0.09000000000000008,1.17,-0.010000000000000009,1.18,-0.10000000000000009,1.28,0.19999999999999996,1.08,-0.33999999999999986,1.42,0.27,1.15,-0.28,1.43,2.6800131064986576,0,0,0,0,0,0,0,0,0,1,0,0
2006-11,5.0,1.02,0.31,82.95932,91.7,41931.84,18.14,6.5768191861200975,1.6094379124341003,1.6094379124341003,5.0,-0.07000000000000006,-0.07000000000000006,1.09,0.030000000000000027,1.06,-0.19999999999999996,1.26,0.09000000000000008,1.17,-0.010000000000000009,1.18,-0.10000000000000009,1.28,0.19999999999999996,1.08,-0.33999999999999986,1.42,0.27,1.15,-0.5515740695454019,0,0,0,0,0,0,0,0,0,0,1,0
2006-12,2.0,0.99,0.48,81.30467,97.7,44473.71,16.34,5.885278519078874,0.6931471805599453,1.6094379124341003,5.0,-0.030000000000000027,-0.030000000000000027,1.02,-0.07000000000000006,1.09,0.030000000000000027,1.06,-0.19999999999999996,1.26,0.09000000000000008,1.17,-0.010000000000000009,1.18,-0.10000000000000009,1.28,0.19999999999999996,1.08,-0.33999999999999986,1.42,-1.9945317777436022,0,0,0,0,0,0,0,0,0,0,0,1
2007-01,8.0,1.08,0.44,80.24319,91.8,44641.6,24.93,0.37679316524208417,2.0794415416798357,0.6931471805599453,2.0,0.09000000000000008,0.09000000000000008,0.99,-0.030000000000000027,1.02,-0.07000000000000006,1.09,0.030000000000000027,1.06,-0.19999999999999996,1.26,0.09000000000000008,1.17,-0.010000000000000009,1.18,-0.10000000000000009,1.28,0.19999999999999996,1.08,-1.3055584630009553,0,0,0,0,0,0,0,0,0,0,0,0
2007-02,6.0,0.87,0.44,79.22355,97.0,43892.31,31.71,-1.6927025830545617,1.791759469228055,2.0794415416798357,8.0,-0.21000000000000008,-0.21000000000000008,1.08,0.09000000000000008,0.99,-0.030000000000000027,1.02,-0.07000000000000006,1.09,0.030000000000000027,1.06,-0.19999999999999996,1.26,0.09000000000000008,1.17,-0.010000000000000009,1.18,-0.10000000000000009,1.28,-1.270687269536508,0,1,0,0,0,0,0,0,0,0,0,0
2007-03,5.0,1.05,0.37,87.45866,91.5,45804.66,31.56,4.264669877508531,1.6094379124341003,1.791759469228055,6.0,0.18000000000000005,0.18000000000000005,0.87,-0.21000000000000008,1.08,0.09000000000000008,0.99,-0.030000000000000027,1.02,-0.07000000000000006,1.09,0.030000000000000027,1.06,-0.19999999999999996,1.26,0.09000000000000008,1.17,-0.010000000000000009,1.18,10.394775290933044,0,0,1,0,0,0,0,0,0,0,0,0
2007-04,8.0,0.94,0.25,84.09345,95.5,48956.39,13.28,6.654406915629707,2.0794415416798357,1.6094379124341003,5.0,-0.1100000000000001,-0.1100000000000001,1.05,0.18000000000000005,0.87,-0.21000000000000008,1.08,0.09000000000000008,0.99,-0.030000000000000027,1.02,-0.07000000000000006,1.09,0.030000000000000027,1.06,-0.19999999999999996,1.26,0.09000000000000008,1.17,-3.8477721931710285,0,0,0,1,0,0,0,0,0,0,0,0
2007-05,10.0,1.03,0.28,86.6152,96.8,52268.46,20.54,6.546322805859184,2.302585092994046,2.0794415416798357,8.0,0.09000000000000008,0.09000000000000008,0.94,-0.1100000000000001,1.05,0.18000000000000005,0.87,-0.21000000000000008,1.08,0.09000000000000008,0.99,-0.030000000000000027,1.02,-0.07000000000000006,1.09,0.030000000000000027,1.06,-0.19999999999999996,1.26,2.9987472270432525,0,0,0,0,1,0,0,0,0,0,0,0
2007-06,9.0,0.91,0.28,85.54866,89.3,54392.06,18.55,3.982505744287579,2.1972245773362196,2.302585092994046,10.0,-0.12,-0.12,1.03,0.09000000000000008,0.94,-0.1100000000000001,1.05,0.18000000000000005,0.87,-0.21000000000000008,1.08,0.09000000000000008,0.99,-0.030000000000000027,1.02,-0.07000000000000006,1.09,0.030000000000000027,1.06,-1.2313543119452541,0,0,0,0,0,1,0,0,0,0,0,0
2007-07,16.0,0.97,0.24,89.37689,88.4,54182.5,26.86,-0.3860209246527191,2.772588722239781,2.1972245773362196,9.0,0.05999999999999994,0.05999999999999994,0.91,-0.12,1.03,0.09000000000000008,0.94,-0.1100000000000001,1.05,0.18000000000000005,0.87,-0.21000000000000008,1.08,0.09000000000000008,0.99,-0.030000000000000027,1.02,-0.07000000000000006,1.09,4.474915211997477,0,0,0,0,0,0,1,0,0,0,0,0
2007-08,11.0,0.99,0.47,90.2159,96.2,54637.24,34.69,0.8357723461223543,2.3978952727983707,2.772588722239781,16.0,0.020000000000000018,0.020000000000000018,0.97,0.05999999999999994,0.91,-0.12,1.03,0.09000000000000008,0.94,-0.1100000000000001,1.05,0.18000000000000005,0.87,-0.21000000000000008,1.08,0.09000000000000008,0.99,-0.030000000000000027,1.02,0.9387325963120974,0,0,0,0,0,0,0,1,0,0,0,0
2007-09,11.0,0.8,0.18,86.15191,96.2,60465.06,26.73,10.134997600470363,2.3978952727983707,2.3978952727983707,11.0,-0.18999999999999995,-0.18999999999999995,0.99,0.020000000000000018,0.97,0.05999999999999994,0.91,-0.12,1.03,0.09000000000000008,0.94,-0.1100000000000001,1.05,0.18000000000000005,0.87,-0.21000000000000008,1.08,0.09000000000000008,0.99,-4.504738078321013,0,0,0,0,0,0,0,0,1,0,0,0
2007-10,9.0,0.93,0.3,90.29815,97.2,65317.7,29.77,7.719737866838017,2.1972245773362196,2.3978952727983707,11.0,0.13,0.13,0.8,-0.18999999999999995,0.99,0.020000000000000018,0.97,0.05999999999999994,0.91,-0.12,1.03,0.09000000000000008,0.94,-0.1100000000000001,1.05,0.18000000000000005,0.87,-0.21000000000000008,1.08,4.812708157021706,0,0,0,0,0,0,0,0,0,1,0,0
2007-11,8.0,0.84,0.38,87.99803,96.3,63006.16,36.22,-3.603055682535228,2.0794415416798357,2.1972245773362196,9.0,-0.09000000000000008,-0.09000000000000008,0.93,0.13,0.8,-0.18999999999999995,0.99,0.020000000000000018,0.97,0.05999999999999994,0.91,-0.12,1.03,0.09000000000000008,0.94,-0.1100000000000001,1.05,0.18000000000000005,0.87,-2.5472504143219,0,0,0,0,0,0,0,0,0,0,1,0
2007-12,14.0,0.84,0.74,85.58635,92.1,63886.1,27.19,1.386931094505961,2.6390573296152584,2.0794415416798357,8.0,0.0,0.0,0.84,-0.09000000000000008,0.93,0.13,0.8,-0.18999999999999995,0.99,0.020000000000000018,0.97,0.05999999999999994,0.91,-0.12,1.03,0.09000000000000008,0.94,-0.1100000000000001,1.05,-2.7406068067660216,0,0,0,0,0,0,0,0,0,0,0,1
2008-01,14.0,0.93,0.54,85.18548,99.3,59490.4,45.73,-7.128685533809609,2.6390573296152584,2.6390573296152584,14.0,0.09000000000000008,0.09000000000000008,0.84,0.0,0.84,-0.09000000000000008,0.93,0.13,0.8,-0.18999999999999995,0.99,0.020000000000000018,0.97,0.05999999999999994,0.91,-0.12,1.03,0.09000000000000008,0.94,-0.4683807639886517,0,0,0,0,0,0,0,0,0,0,0,0
2008-02,12.0,0.8,0.49,85.22103,98.0,63489.3,27.69,6.505643276691586,2.4849066497880004,2.6390573296152584,14.0,-0.13,-0.13,0.93,0.09000000000000008,0.84,0.0,0.84,-0.09000000000000008,0.93,0.13,0.8,-0.18999999999999995,0.99,0.020000000000000018,0.97,0.05999999999999994,0.91,-0.12,1.03,0.04173246426504296,0,1,0,0,0,0,0,0,0,0,0,0
2008-03,16.0,0.84,0.48,90.17302,97.4,60968.07,35.27,-4.052110325680935,2.772588722239781,2.4849066497880004,12.0,0.039999999999999925,0.039999999999999925,0.8,-0.13,0.93,0.09000000000000008,0.84,0.0,0.84,-0.09000000000000008,0.93,0.13,0.8,-0.18999999999999995,0.99,0.020000000000000018,0.97,0.05999999999999994,0.91,5.810760559922823,0,0,1,0,0,0,0,0,0,0,0,0
2008-04,15.0,0.9,0.55,90.51454,95.1,67868.46,28.77,10.722113551418921,2.70805020110221,2.772588722239781,16.0,0.06000000000000005,0.06000000000000005,0.84,0.039999999999999925,0.8,-0.13,0.93,0.09000000000000008,0.84,0.0,0.84,-0.09000000000000008,0.93,0.13,0.8,-0.18999999999999995,0.99,0.020000000000000018,0.97,0.37873856282066853,0,0,0,1,0,0,0,0,0,0,0,0
2008-05,5.0,0.88,0.79,90.12562,92.3,72592.5,21.64,6.729019068858122,1.6094379124341003,2.70805020110221,15.0,-0.020000000000000018,-0.020000000000000018,0.9,0.06000000000000005,0.84,0.039999999999999925,0.8,-0.13,0.93,0.09000000000000008,0.84,0.0,0.84,-0.09000000000000008,0.93,0.13,0.8,-0.18999999999999995,0.99,-0.42967682319327016,0,0,0,0,1,0,0,0,0,0,0,0
2008-06,12.0,0.96,0.74,91.28901,91.9,65017.58,28.2,-11.020391584324507,2.4849066497880004,1.6094379124341003,5.0,0.07999999999999996,0.07999999999999996,0.88,-0.020000000000000018,0.9,0.06000000000000005,0.84,0.039999999999999925,0.8,-0.13,0.93,0.09000000000000008,0.84,0.0,0.84,-0.09000000000000008,0.93,0.13,0.8,1.2908538104925205,0,0,0,0,0,1,0,0,0,0,0,0
2008-07,14.0,1.07,0.53,95.44629,92.4,59505.17,29.64,-8.859449533286679,2.6390573296152584,2.4849066497880004,12.0,0.1100000000000001,0.1100000000000001,0.96,0.07999999999999996,0.88,-0.020000000000000018,0.9,0.06000000000000005,0.84,0.039999999999999925,0.8,-0.13,0.93,0.09000000000000008,0.84,0.0,0.84,-0.09000000000000008,0.93,4.553976431555129,0,0,0,0,0,0,1,0,0,0,0,0
2008-08,13.0,1.02,0.28,93.58495,90.5,55680.41,29.79,-6.6434820028302255,2.5649493574615367,2.6390573296152584,14.0,-0.050000000000000044,-0.050000000000000044,1.07,0.1100000000000001,0.96,0.07999999999999996,0.88,-0.020000000000000018,0.9,0.06000000000000005,0.84,0.039999999999999925,0.8,-0.13,0.93,0.09000000000000008,0.84,0.0,0.84,-1.9501438976831875,0,0,0,0,0,0,0,1,0,0,0,0
2008-09,13.0,1.1,0.26,92.69702,98.7,49541.27,75.3,-11.682231992236325,2.5649493574615367,2.5649493574615367,13.0,0.08000000000000007,0.08000000000000007,1.02,-0.050000000000000044,1.07,0.1100000000000001,0.96,0.07999999999999996,0.88,-0.020000000000000018,0.9,0.06000000000000005,0.84,0.039999999999999925,0.8,-0.13,0.93,0.09000000000000008,0.84,-0.9487957198246244,0,0,0,0,0,0,0,0,1,0,0,0
2008-10,7.0,1.18,0.45,92.83368,132.4,37256.84,105.69,-28.49705074526483,1.9459101490553132,2.5649493574615367,13.0,0.07999999999999985,0.07999999999999985,1.1,0.08000000000000007,1.02,-0.050000000000000044,1.07,0.1100000000000001,0.96,0.07999999999999996,0.88,-0.020000000000000018,0.9,0.06000000000000005,0.84,0.039999999999999925,0.8,-0.13,0.93,0.14742653000063832,0,0,0,0,0,0,0,0,0,1,0,0
2008-11,6.0,1.02,0.36,87.0924,128.2,36595.87,70.01,-1.7900159619609113,1.791759469228055,1.9459101490553132,7.0,-0.15999999999999992,-0.15999999999999992,1.18,0.07999999999999985,1.1,0.08000000000000007,1.02,-0.050000000000000044,1.07,0.1100000000000001,0.96,0.07999999999999996,0.88,-0.020000000000000018,0.9,0.06000000000000005,0.84,0.039999999999999925,0.8,-6.184479598352666,0,0,0,0,0,0,0,0,0,0,1,0
2008-12,10.0,1.12,0.28,83.11962,121.8,37550.31,46.18,2.5746241325006025,2.302585092994046,1.791759469228055,6.0,0.10000000000000009,0.10000000000000009,1.02,-0.15999999999999992,1.18,0.07999999999999985,1.1,0.08000000000000007,1.02,-0.050000000000000044,1.07,0.1100000000000001,0.96,0.07999999999999996,0.88,-0.020000000000000018,0.9,0.06000000000000005,0.84,-4.56156909213663,0,0,0,0,0,0,0,0,0,0,0,1
2009-01,4.0,1.05,0.48,80.53122,120.0,39300.79,48.61,4.5562986619161805,1.3862943611198906,2.302585092994046,10.0,-0.07000000000000006,-0.07000000000000006,1.12,0.10000000000000009,1.02,-0.15999999999999992,1.18,0.07999999999999985,1.1,0.08000000000000007,1.02,-0.050000000000000044,1.07,0.1100000000000001,0.96,0.07999999999999996,0.88,-0.020000000000000018,0.9,-3.1140662096385774,0,0,0,0,0,0,0,0,0,0,0,0
2009-02,2.0,0.86,0.55,80.57159,123.6,38183.31,34.53,-2.88461113100027,0.6931471805599453,1.3862943611198906,4.0,-0.19000000000000006,-0.19000000000000006,1.05,-0.07000000000000006,1.12,0.10000000000000009,1.02,-0.15999999999999992,1.18,0.07999999999999985,1.1,0.08000000000000007,1.02,-0.050000000000000044,1.07,0.1100000000000001,0.96,0.07999999999999996,0.88,0.0501296267459983,0,1,0,0,0,0,0,0,0,0,0,0
2009-03,3.0,0.97,0.2,89.34817,125.6,40925.87,43.19,6.936387228640761,1.0986122886681098,0.6931471805599453,2.0,0.10999999999999999,0.10999999999999999,0.86,-0.19000000000000006,1.05,-0.07000000000000006,1.12,0.10000000000000009,1.02,-0.15999999999999992,1.18,0.07999999999999985,1.1,0.08000000000000007,1.02,-0.050000000000000044,1.07,0.1100000000000001,0.96,10.892896615295777,0,0,1,0,0,0,0,0,0,0,0,0
2009-04,11.0,0.84,0.48,86.05032,117.1,47289.53,28.77,14.452653649938974,2.3978952727983707,1.0986122886681098,3.0,-0.13,-0.13,0.97,0.10999999999999999,0.86,-0.19000000000000006,1.05,-0.07000000000000006,1.12,0.10000000000000009,1.02,-0.15999999999999992,1.18,0.07999999999999985,1.1,0.08000000000000007,1.02,-0.050000000000000044,1.07,-3.691010123654459,0,0,0,1,0,0,0,0,0,0,0,0
2009-05,6.0,0.77,0.47,86.96903,111.8,53197.73,37.78,11.77268083341687,1.791759469228055,2.3978952727983707,11.0,-0.06999999999999995,-0.06999999999999995,0.84,-0.13,0.97,0.10999999999999999,0.86,-0.19000000000000006,1.05,-0.07000000000000006,1.12,0.10000000000000009,1.02,-0.15999999999999992,1.18,0.07999999999999985,1.1,0.08000000000000007,1.02,1.067642746709141,0,0,0,0,1,0,0,0,0,0,0,0
2009-06,7.0,0.76,0.36,87.81066,109.1,51465.46,29.55,-3.310482321245267,1.9459101490553132,1.791759469228055,6.0,-0.010000000000000009,-0.010000000000000009,0.77,-0.06999999999999995,0.84,-0.13,0.97,0.10999999999999999,0.86,-0.19000000000000006,1.05,-0.07000000000000006,1.12,0.10000000000000009,1.02,-0.15999999999999992,1.18,0.07999999999999985,1.1,0.9677352961163344,0,0,0,0,0,1,0,0,0,0,0,0
2009-07,5.0,0.79,0.24,91.88245,109.0,54765.72,22.9,6.21535477204187,1.6094379124341003,1.9459101490553132,7.0,0.030000000000000027,0.030000000000000027,0.76,-0.010000000000000009,0.77,-0.06999999999999995,0.84,-0.13,0.97,0.10999999999999999,0.86,-0.19000000000000006,1.05,-0.07000000000000006,1.12,0.10000000000000009,1.02,-0.15999999999999992,1.18,4.637011041711792,0,0,0,0,0,0,1,0,0,0,0,0
2009-08,2.0,0.69,0.15,91.36878,106.8,56488.98,19.94,3.0981124108727442,0.6931471805599453,1.6094379124341003,5.0,-0.10000000000000009,-0.10000000000000009,0.79,0.030000000000000027,0.76,-0.010000000000000009,0.77,-0.06999999999999995,0.84,-0.13,0.97,0.10999999999999999,0.86,-0.19000000000000006,1.05,-0.07000000000000006,1.12,0.10000000000000009,1.02,-0.559051266047006,0,0,0,0,0,0,0,1,0,0,0,0
2009-09,6.0,0.69,0.24,90.74527,109.0,61517.89,15.8,8.528245193886441,1.791759469228055,0.6931471805599453,2.0,0.0,0.0,0.69,-0.10000000000000009,0.79,0.030000000000000027,0.76,-0.010000000000000009,0.77,-0.06999999999999995,0.84,-0.13,0.97,0.10999999999999999,0.86,-0.19000000000000006,1.05,-0.07000000000000006,1.12,-0.6824103375354218,0,0,0,0,0,0,0,0,1,0,0,0
2009-10,5.0,0.69,0.28,92.61548,106.0,61545.5,37.16,0.04487118461984352,1.6094379124341003,1.791759469228055,6.0,0.0,0.0,0.69,0.0,0.69,-0.10000000000000009,0.79,0.030000000000000027,0.76,-0.010000000000000009,0.77,-0.06999999999999995,0.84,-0.13,0.97,0.10999999999999999,0.86,-0.19000000000000006,1.05,2.0609448845102296,0,0,0,0,0,0,0,0,0,1,0,0
2009-11,7.0,0.66,0.41,90.61457,101.9,67044.44,23.09,8.557894443165281,1.9459101490553132,1.6094379124341003,5.0,-0.029999999999999916,-0.029999999999999916,0.69,0.0,0.69,0.0,0.69,-0.10000000000000009,0.79,0.030000000000000027,0.76,-0.010000000000000009,0.77,-0.06999999999999995,0.84,-0.13,0.97,0.10999999999999999,0.86,-2.1604487716308407,0,0,0,0,0,0,0,0,0,0,1,0
2009-12,11.0,0.73,0.37,90.34028,99.5,68588.41,17.67,2.2767886923068303,2.3978952727983707,1.9459101490553132,7.0,0.06999999999999995,0.06999999999999995,0.66,-0.029999999999999916,0.69,0.0,0.69,0.0,0.69,-0.10000000000000009,0.79,0.030000000000000027,0.76,-0.010000000000000009,0.77,-0.06999999999999995,0.84,-0.13,0.97,-0.3026996651862901,0,0,0,0,0,0,0,0,0,0,0,1
2010-01,12.0,0.66,0.75,87.94934,103.2,65401.77,18.15,-4.757424770368246,2.4849066497880004,2.3978952727983707,11.0,-0.06999999999999995,-0.06999999999999995,0.73,0.06999999999999995,0.66,-0.029999999999999916,0.69,0.0,0.69,0.0,0.69,-0.10000000000000009,0.79,0.030000000000000027,0.76,-0.010000000000000009,0.77,-0.06999999999999995,0.84,-2.64659352395189,0,0,0,0,0,0,0,0,0,0,0,0
2010-02,9.0,0.59,0.78,89.2068,104.2,66503.27,26.68,1.6701797068083835,2.1972245773362196,2.4849066497880004,12.0,-0.07000000000000006,-0.07000000000000006,0.66,-0.06999999999999995,0.73,0.06999999999999995,0.66,-0.029999999999999916,0.69,0.0,0.69,0.0,0.69,-0.10000000000000009,0.79,0.030000000000000027,0.76,-0.010000000000000009,0.77,1.429754902083391,0,1,0,0,0,0,0,0,0,0,0,0
2010-03,14.0,0.76,0.52,100.27383,96.7,70371.54,12.81,5.6537800679514305,2.6390573296152584,2.1972245773362196,9.0,0.17000000000000004,0.17000000000000004,0.59,-0.07000000000000006,0.66,-0.06999999999999995,0.73,0.06999999999999995,0.66,-0.029999999999999916,0.69,0.0,0.69,0.0,0.69,-0.10000000000000009,0.79,0.030000000000000027,0.76,12.406038553114795,0,0,1,0,0,0,0,0,0,0,0,0
2010-04,11.0,0.67,0.57,95.67957,96.9,67529.73,17.96,-4.12209747089598,2.3978952727983707,2.6390573296152584,14.0,-0.08999999999999997,-0.08999999999999997,0.76,0.17000000000000004,0.59,-0.07000000000000006,0.66,-0.06999999999999995,0.73,0.06999999999999995,0.66,-0.029999999999999916,0.69,0.0,0.69,0.0,0.69,-0.10000000000000009,0.79,-4.581713892847217,0,0,0,1,0,0,0,0,0,0,0,0
2010-05,14.0,0.75,0.43,95.43544,103.5,63046.51,33.73,-6.869523737137229,2.6390573296152584,2.3978952727983707,11.0,0.07999999999999996,0.07999999999999996,0.67,-0.08999999999999997,0.76,0.17000000000000004,0.59,-0.07000000000000006,0.66,-0.06999999999999995,0.73,0.06999999999999995,0.66,-0.029999999999999916,0.69,0.0,0.69,0.0,0.69,-0.25515373867168734,0,0,0,0,1,0,0,0,0,0,0,0
2010-06,8.0,0.79,0.0,95.13566,101.2,60935.9,23.37,-3.4050215981269005,2.0794415416798357,2.6390573296152584,14.0,0.040000000000000036,0.040000000000000036,0.75,0.07999999999999996,0.67,-0.08999999999999997,0.76,0.17000000000000004,0.59,-0.07000000000000006,0.66,-0.06999999999999995,0.73,0.06999999999999995,0.66,-0.029999999999999916,0.69,0.0,0.69,-0.31411810958277275,0,0,0,0,0,1,0,0,0,0,0,0
2010-07,11.0,0.86,0.01,99.01527,96.4,67515.4,15.86,10.253322800169684,2.3978952727983707,2.0794415416798357,8.0,0.06999999999999995,0.06999999999999995,0.79,0.040000000000000036,0.75,0.07999999999999996,0.67,-0.08999999999999997,0.76,0.17000000000000004,0.59,-0.07000000000000006,0.66,-0.06999999999999995,0.73,0.06999999999999995,0.66,-0.029999999999999916,0.69,4.077976649344728,0,0,0,0,0,0,1,0,0,0,0,0
2010-08,10.0,0.89,0.04,98.95012,98.1,65145.45,18.81,-3.573325770625324,2.302585092994046,2.3978952727983707,11.0,0.030000000000000027,0.030000000000000027,0.86,0.06999999999999995,0.79,0.040000000000000036,0.75,0.07999999999999996,0.67,-0.08999999999999997,0.76,0.17000000000000004,0.59,-0.07000000000000006,0.66,-0.06999999999999995,0.73,0.06999999999999995,0.66,-0.06579793197554196,0,0,0,0,0,0,0,1,0,0,0,0
2010-09,13.0,0.85,0.45,97.49196,98.9,69429.78,15.17,6.369341980253296,2.5649493574615367,2.302585092994046,10.0,-0.040000000000000036,-0.040000000000000036,0.89,0.030000000000000027,0.86,0.06999999999999995,0.79,0.040000000000000036,0.75,0.07999999999999996,0.67,-0.08999999999999997,0.76,0.17000000000000004,0.59,-0.07000000000000006,0.66,-0.06999999999999995,0.73,-1.4736313609321483,0,0,0,0,0,0,0,0,1,0,0,0
2010-10,6.0,0.81,0.75,97.39954,97.7,70673.3,15.84,1.7751967422032777,1.791759469228055,2.5649493574615367,13.0,-0.039999999999999925,-0.039999999999999925,0.85,-0.040000000000000036,0.89,0.030000000000000027,0.86,0.06999999999999995,0.79,0.040000000000000036,0.75,0.07999999999999996,0.67,-0.08999999999999997,0.76,0.17000000000000004,0.59,-0.07000000000000006,0.66,-0.09479756074245449,0,0,0,0,0,0,0,0,0,1,0,0
2010-11,8.0,0.81,0.83,97.64564,101.5,67705.4,20.06,-4.290190912261593,2.0794415416798357,1.791759469228055,6.0,0.0,0.0,0.81,-0.039999999999999925,0.85,-0.040000000000000036,0.89,0.030000000000000027,0.86,0.06999999999999995,0.79,0.040000000000000036,0.75,0.07999999999999996,0.67,-0.08999999999999997,0.76,0.17000000000000004,0.59,0.25267059782827506,0,0,0,0,0,0,0,0,0,0,1,0
2010-12,21.0,0.93,0.63,95.55395,94.8,69304.81,15.98,2.334837175611959,3.044522437723423,2.0794415416798357,8.0,0.12,0.12,0.81,0.0,0.81,-0.039999999999999925,0.85,-0.040000000000000036,0.89,0.030000000000000027,0.86,0.06999999999999995,0.79,0.040000000000000036,0.75,0.07999999999999996,0.67,-0.08999999999999997,0.76,-2.142123293984244,0,0,0,0,0,0,0,0,0,0,0,1
2011-01,12.0,0.86,0.83,92.74065,96.4,66574.88,14.67,-4.018698293665324,2.4849066497880004,3.044522437723423,21.0,-0.07000000000000006,-0.07000000000000006,0.93,0.12,0.81,0.0,0.81,-0.039999999999999925,0.85,-0.040000000000000036,0.89,0.030000000000000027,0.86,0.06999999999999995,0.79,0.040000000000000036,0.75,0.07999999999999996,0.67,-2.9442006322082936,0,0,0,0,0,0,0,0,0,0,0,0
2011-02,12.0,0.84,0.8,95.19997,96.8,67383.22,20.07,1.2068696277925284,2.4849066497880004,2.4849066497880004,12.0,-0.020000000000000018,-0.020000000000000018,0.86,-0.07000000000000006,0.93,0.12,0.81,0.0,0.81,-0.039999999999999925,0.85,-0.040000000000000036,0.89,0.030000000000000027,0.86,0.06999999999999995,0.79,0.040000000000000036,0.75,2.6518252783434226,0,1,0,0,0,0,0,0,0,0,0,0
2011-03,13.0,0.92,0.79,101.3192,97.1,68586.7,16.08,1.7702612886248303,2.5649493574615367,2.4849066497880004,12.0,0.08000000000000007,0.08000000000000007,0.84,-0.020000000000000018,0.86,-0.07000000000000006,0.93,0.12,0.81,0.0,0.81,-0.039999999999999925,0.85,-0.040000000000000036,0.89,0.030000000000000027,0.86,0.06999999999999995,0.79,6.4277646305981095,0,0,1,0,0,0,0,0,0,0,0,0
2011-04,16.0,0.84,0.77,97.78948,97.1,66132.86,15.51,-3.6432889485151776,2.772588722239781,2.5649493574615367,13.0,-0.08000000000000007,-0.08000000000000007,0.92,0.08000000000000007,0.84,-0.020000000000000018,0.86,-0.07000000000000006,0.93,0.12,0.81,0.0,0.81,-0.039999999999999925,0.85,-0.040000000000000036,0.89,0.030000000000000027,0.86,-3.483762208939667,0,0,0,1,0,0,0,0,0,0,0,0
2011-05,9.0,0.99,0.47,100.12892,94.1,64620.08,16.29,-2.314055049659025,2.1972245773362196,2.772588722239781,16.0,0.15000000000000002,0.15000000000000002,0.84,-0.08000000000000007,0.92,0.08000000000000007,0.84,-0.020000000000000018,0.86,-0.07000000000000006,0.93,0.12,0.81,0.0,0.81,-0.039999999999999925,0.85,-0.040000000000000036,0.89,2.3923227733698926,0,0,0,0,1,0,0,0,0,0,0,0
2011-06,9.0,0.96,0.15,99.09212,96.7,62403.64,14.96,-3.4901591395003706,2.1972245773362196,2.1972245773362196,9.0,-0.030000000000000027,-0.030000000000000027,0.99,0.15000000000000002,0.84,-0.08000000000000007,0.92,0.08000000000000007,0.84,-0.020000000000000018,0.86,-0.07000000000000006,0.93,0.12,0.81,0.0,0.81,-0.039999999999999925,0.85,-1.035465078420894,0,0,0,0,0,1,0,0,0,0,0,0
2011-07,13.0,0.97,0.16,101.50119,96.3,58823.45,18.05,-5.908302208238148,2.5649493574615367,2.1972245773362196,9.0,0.010000000000000009,0.010000000000000009,0.96,-0.030000000000000027,0.99,0.15000000000000002,0.84,-0.08000000000000007,0.92,0.08000000000000007,0.84,-0.020000000000000018,0.86,-0.07000000000000006,0.93,0.12,0.81,0.0,0.81,2.4311418506335336,0,0,0,0,0,0,1,0,0,0,0,0
2011-08,10.0,1.07,0.37,103.11781,111.6,56495.12,47.29,-4.038632218427907,2.302585092994046,2.5649493574615367,13.0,0.10000000000000009,0.10000000000000009,0.97,0.010000000000000009,0.96,-0.030000000000000027,0.99,0.15000000000000002,0.84,-0.08000000000000007,0.92,0.08000000000000007,0.84,-0.020000000000000018,0.86,-0.07000000000000006,0.93,0.12,0.81,1.592710390883112,0,0,0,0,0,0,0,1,0,0,0,0
2011-09,6.0,0.94,0.53,99.48095,108.4,52324.42,31.51,-7.669107903770822,1.791759469228055,2.302585092994046,10.0,-0.13000000000000012,-0.13000000000000012,1.07,0.10000000000000009,0.97,0.010000000000000009,0.96,-0.030000000000000027,0.99,0.15000000000000002,0.84,-0.08000000000000007,0.92,0.08000000000000007,0.84,-0.020000000000000018,0.86,-0.07000000000000006,0.93,-3.5268980208171596,0,0,0,0,0,0,0,0,1,0,0,0
2011-10,8.0,0.88,0.43,99.28007,105.2,58338.39,32.09,10.87971835096777,2.0794415416798357,1.791759469228055,6.0,-0.05999999999999994,-0.05999999999999994,0.94,-0.13000000000000012,1.07,0.10000000000000009,0.97,0.010000000000000009,0.96,-0.030000000000000027,0.99,0.15000000000000002,0.84,-0.08000000000000007,0.92,0.08000000000000007,0.84,-0.020000000000000018,0.86,-0.20192810784377402,0,0,0,0,0,0,0,0,0,1,0,0
2011-11,16.0,0.86,0.52,99.17623,107.0,56874.98,24.02,-2.540484158999945,2.772588722239781,2.0794415416798357,8.0,-0.020000000000000018,-0.020000000000000018,0.88,-0.05999999999999994,0.94,-0.13000000000000012,1.07,0.10000000000000009,0.97,0.010000000000000009,0.96,-0.030000000000000027,0.99,0.15000000000000002,0.84,-0.08000000000000007,0.92,0.08000000000000007,0.84,-0.1045929963586767,0,0,0,0,0,0,0,0,0,0,1,0
2011-12,23.0,0.91,0.5,97.33323,105.7,56754.08,22.82,-0.21279775723304084,3.1354942159291497,2.772588722239781,16.0,0.050000000000000044,0.050000000000000044,0.86,-0.020000000000000018,0.88,-0.05999999999999994,0.94,-0.13000000000000012,1.07,0.10000000000000009,0.97,0.010000000000000009,0.96,-0.030000000000000027,0.99,0.15000000000000002,0.84,-0.08000000000000007,0.92,-1.8583081853383643,0,0,0,0,0,0,0,0,0,0,0,1
2012-01,6.0,0.89,0.56,93.21258,102.8,63072.31,14.89,10.55542979256181,1.791759469228055,3.1354942159291497,23.0,-0.020000000000000018,-0.020000000000000018,0.91,0.050000000000000044,0.86,-0.020000000000000018,0.88,-0.05999999999999994,0.94,-0.13000000000000012,1.07,0.10000000000000009,0.97,0.010000000000000009,0.96,-0.030000000000000027,0.99,0.15000000000000002,0.84,-4.23354901506916,0,0,0,0,0,0,0,0,0,0,0,0
2012-02,15.0,0.75,0.45,94.61885,96.9,65811.73,18.41,4.251624394472842,2.70805020110221,1.791759469228055,6.0,-0.14,-0.14,0.89,-0.020000000000000018,0.91,0.050000000000000044,0.86,-0.020000000000000018,0.88,-0.05999999999999994,0.94,-0.13000000000000012,1.07,0.10000000000000009,0.97,0.010000000000000009,0.96,-0.030000000000000027,0.99,1.508669752516223,0,1,0,0,0,0,0,0,0,0,0,0
2012-03,11.0,0.82,0.21,102.30778,95.4,64510.97,20.6,-1.996280306115139,2.3978952727983707,2.70805020110221,15.0,0.06999999999999995,0.06999999999999995,0.75,-0.14,0.89,-0.020000000000000018,0.91,0.050000000000000044,0.86,-0.020000000000000018,0.88,-0.05999999999999994,0.94,-0.13000000000000012,1.07,0.10000000000000009,0.97,0.010000000000000009,0.96,8.126213751276822,0,0,1,0,0,0,0,0,0,0,0,0
2012-04,11.0,0.71,0.64,97.7648,97.8,61820.26,18.6,-4.260414440578586,2.3978952727983707,2.3978952727983707,11.0,-0.10999999999999999,-0.10999999999999999,0.82,0.06999999999999995,0.75,-0.14,0.89,-0.020000000000000018,0.91,0.050000000000000044,0.86,-0.020000000000000018,0.88,-0.05999999999999994,0.94,-0.13000000000000012,1.07,0.10000000000000009,0.97,-4.440502960771897,0,0,0,1,0,0,0,0,0,0,0,0
2012-05,19.0,0.74,0.36,101.05704,101.6,54490.41,27.02,-12.620641957069267,2.9444389791664403,2.3978952727983707,11.0,0.030000000000000027,0.030000000000000027,0.71,-0.10999999999999999,0.82,0.06999999999999995,0.75,-0.14,0.89,-0.020000000000000018,0.91,0.050000000000000044,0.86,-0.020000000000000018,0.88,-0.05999999999999994,0.94,-0.13000000000000012,1.07,3.3675105968610453,0,0,0,0,1,0,0,0,0,0,0,0
2012-06,7.0,0.64,0.08,99.4616,106.3,54354.63,27.79,-0.24949243517546904,1.9459101490553132,2.9444389791664403,19.0,-0.09999999999999998,-0.09999999999999998,0.74,0.030000000000000027,0.71,-0.10999999999999999,0.82,0.06999999999999995,0.75,-0.14,0.89,-0.020000000000000018,0.91,0.050000000000000044,0.86,-0.020000000000000018,0.88,-0.05999999999999994,0.94,-1.5787519602790678,0,0,0,0,0,1,0,0,0,0,0,0
2012-07,6.0,0.68,0.43,103.08446,105.6,56097.05,29.73,3.1553427944464474,1.791759469228055,1.9459101490553132,7.0,0.040000000000000036,0.040000000000000036,0.64,-0.09999999999999998,0.74,0.030000000000000027,0.71,-0.10999999999999999,0.82,0.06999999999999995,0.75,-0.14,0.89,-0.020000000000000018,0.91,0.050000000000000044,0.86,-0.020000000000000018,0.88,3.642471064209718,0,0,0,0,0,0,1,0,0,0,0,0
2012-08,8.0,0.69,0.41,104.79624,98.8,57061.45,20.4,1.7045530833859956,2.0794415416798357,1.791759469228055,6.0,0.009999999999999898,0.009999999999999898,0.68,0.040000000000000036,0.64,-0.09999999999999998,0.74,0.030000000000000027,0.71,-0.10999999999999999,0.82,0.06999999999999995,0.75,-0.14,0.89,-0.020000000000000018,0.91,0.050000000000000044,0.86,1.6605606703473885,0,0,0,0,0,0,0,1,0,0,0,0
2012-09,12.0,0.54,0.57,98.98619,97.5,59175.8,22.25,3.638391722165224,2.4849066497880004,2.0794415416798357,8.0,-0.1499999999999999,-0.1499999999999999,0.69,0.009999999999999898,0.68,0.040000000000000036,0.64,-0.09999999999999998,0.74,0.030000000000000027,0.71,-0.10999999999999999,0.82,0.06999999999999995,0.75,-0.14,0.89,-0.020000000000000018,0.91,-5.54413975157888,0,0,0,0,0,0,0,0,1,0,0,0
2012-10,7.0,0.61,0.59,103.25778,96.3,57068.18,14.19,-3.6265981151803572,1.9459101490553132,2.4849066497880004,12.0,0.06999999999999995,0.06999999999999995,0.54,-0.1499999999999999,0.69,0.009999999999999898,0.68,0.040000000000000036,0.64,-0.09999999999999998,0.74,0.030000000000000027,0.71,-0.10999999999999999,0.82,0.06999999999999995,0.75,-0.14,0.89,4.315339341780922,0,0,0,0,0,0,0,0,0,1,0,0
2012-11,4.0,0.55,0.6,100.77409,93.4,57474.57,23.43,0.709589572805136,1.3862943611198906,1.9459101490553132,7.0,-0.05999999999999994,-0.05999999999999994,0.61,0.06999999999999995,0.54,-0.1499999999999999,0.69,0.009999999999999898,0.68,0.040000000000000036,0.64,-0.09999999999999998,0.74,0.030000000000000027,0.71,-0.10999999999999999,0.82,0.06999999999999995,0.75,-2.4053296516737044,0,0,0,0,0,0,0,0,0,0,1,0
2012-12,9.0,0.55,0.79,97.53188,94.8,60952.08,12.3,5.874539257049349,2.1972245773362196,1.3862943611198906,4.0,0.0,0.0,0.55,-0.05999999999999994,0.61,0.06999999999999995,0.54,-0.1499999999999999,0.69,0.009999999999999898,0.68,0.040000000000000036,0.64,-0.09999999999999998,0.74,0.030000000000000027,0.71,-0.10999999999999999,0.82,-3.217305162467854,0,0,0,0,0,0,0,0,0,0,0,1
2013-01,12.0,0.6,0.86,97.39493,95.6,59761.49,17.28,-1.9726508098717233,2.4849066497880004,2.1972245773362196,9.0,0.04999999999999993,0.04999999999999993,0.55,0.0,0.55,-0.05999999999999994,0.61,0.06999999999999995,0.54,-0.1499999999999999,0.69,0.009999999999999898,0.68,0.040000000000000036,0.64,-0.09999999999999998,0.74,0.030000000000000027,0.71,-0.1404156261521905,0,0,0,0,0,0,0,0,0,0,0,0
2013-02,6.0,0.49,0.6,95.16925,91.5,57424.29,12.13,-3.989408903358793,1.791759469228055,2.4849066497880004,12.0,-0.10999999999999999,-0.10999999999999999,0.6,0.04999999999999993,0.55,0.0,0.55,-0.05999999999999994,0.61,0.06999999999999995,0.54,-0.1499999999999999,0.69,0.009999999999999898,0.68,0.040000000000000036,0.64,-0.09999999999999998,0.74,-2.285211355457617,0,1,0,0,0,0,0,0,0,0,0,0
2013-03,7.0,0.55,0.47,103.46958,92.6,56352.09,18.32,-1.884805512930754,1.9459101490553132,1.791759469228055,6.0,0.06000000000000005,0.06000000000000005,0.49,-0.10999999999999999,0.6,0.04999999999999993,0.55,0.0,0.55,-0.05999999999999994,0.61,0.06999999999999995,0.54,-0.1499999999999999,0.69,0.009999999999999898,0.68,0.040000000000000036,0.64,8.721651163584854,0,0,1,0,0,0,0,0,0,0,0,0
2013-04,8.0,0.61,0.55,104.71573,91.5,55910.37,23.22,-0.786945662120786,2.0794415416798357,1.9459101490553132,7.0,0.05999999999999994,0.05999999999999994,0.55,0.06000000000000005,0.49,-0.10999999999999999,0.6,0.04999999999999993,0.55,0.0,0.55,-0.05999999999999994,0.61,0.06999999999999995,0.54,-0.1499999999999999,0.69,0.009999999999999898,0.68,1.2043636400186353,0,0,0,1,0,0,0,0,0,0,0,0
2013-05,7.0,0.6,0.37,102.78262,90.7,53506.08,15.54,-4.39545804905439,1.9459101490553132,2.0794415416798357,8.0,-0.010000000000000009,-0.010000000000000009,0.61,0.05999999999999994,0.55,0.06000000000000005,0.49,-0.10999999999999999,0.6,0.04999999999999993,0.55,0.0,0.55,-0.05999999999999994,0.61,0.06999999999999995,0.54,-0.1499999999999999,0.69,-1.8460550291727884,0,0,0,0,1,0,0,0,0,0,0,0
2013-06,12.0,0.61,0.26,101.27719,94.6,47457.13,26.63,-11.99685151019736,2.4849066497880004,1.9459101490553132,7.0,0.010000000000000009,0.010000000000000009,0.6,-0.010000000000000009,0.61,0.05999999999999994,0.55,0.06000000000000005,0.49,-0.10999999999999999,0.6,0.04999999999999993,0.55,0.0,0.55,-0.05999999999999994,0.61,0.06999999999999995,0.54,-1.4646736967786844,0,0,0,0,0,1,0,0,0,0,0,0
2013-07,7.0,0.72,0.03,106.34693,93.8,48234.49,25.67,1.6247548128704992,1.9459101490553132,2.4849066497880004,12.0,0.10999999999999999,0.10999999999999999,0.61,0.010000000000000009,0.6,-0.010000000000000009,0.61,0.05999999999999994,0.55,0.06000000000000005,0.49,-0.10999999999999999,0.6,0.04999999999999993,0.55,0.0,0.55,-0.05999999999999994,0.61,5.005806341980845,0,0,0,0,0,0,1,0,0,0,0,0
2013-08,7.0,0.71,0.24,106.12456,88.7,50011.75,22.98,3.6183652488553264,1.9459101490553132,1.9459101490553132,7.0,-0.010000000000000009,-0.010000000000000009,0.72,0.10999999999999999,0.61,0.010000000000000009,0.6,-0.010000000000000009,0.61,0.05999999999999994,0.55,0.06000000000000005,0.49,-0.10999999999999999,0.6,0.04999999999999993,0.55,0.0,0.55,-0.2090986547519491,0,0,0,0,0,0,0,1,0,0,0,0
2013-09,7.0,0.71,0.35,102.951,92.2,52338.19,23.25,4.5468337102107625,1.9459101490553132,1.9459101490553132,7.0,0.0,0.0,0.71,-0.010000000000000009,0.72,0.10999999999999999,0.61,0.010000000000000009,0.6,-0.010000000000000009,0.61,0.05999999999999994,0.55,0.06000000000000005,0.49,-0.10999999999999999,0.6,0.04999999999999993,0.55,-2.990410513833941,0,0,0,0,0,0,0,0,1,0,0,0
2013-10,6.0,0.81,0.57,106.19151,90.7,54256.2,17.79,3.5990956682661945,1.791759469228055,1.9459101490553132,7.0,0.10000000000000009,0.10000000000000009,0.71,0.0,0.71,-0.010000000000000009,0.72,0.10999999999999999,0.61,0.010000000000000009,0.6,-0.010000000000000009,0.61,0.05999999999999994,0.55,0.06000000000000005,0.49,-0.10999999999999999,0.6,3.147623626773899,0,0,0,0,0,0,0,0,0,1,0,0
2013-11,9.0,0.72,0.54,103.3155,85.1,52482.49,19.57,-3.323768144812256,2.1972245773362196,1.791759469228055,6.0,-0.09000000000000008,-0.09000000000000008,0.81,0.10000000000000009,0.71,0.0,0.71,-0.010000000000000009,0.72,0.10999999999999999,0.61,0.010000000000000009,0.6,-0.010000000000000009,0.61,0.05999999999999994,0.55,0.06000000000000005,0.49,-2.708323857528716,0,0,0,0,0,0,0,0,0,0,1,0
2013-12,13.0,0.79,0.92,101.90477,85.1,51507.16,16.82,-1.8758763024367298,2.5649493574615367,2.1972245773362196,9.0,0.07000000000000006,0.07000000000000006,0.72,-0.09000000000000008,0.81,0.10000000000000009,0.71,0.0,0.71,-0.010000000000000009,0.72,0.10999999999999999,0.61,0.010000000000000009,0.6,-0.010000000000000009,0.61,0.05999999999999994,0.55,-1.3654582323078368,0,0,0,0,0,0,0,0,0,0,0,1
2014-01,6.0,0.85,0.55,99.76897,89.3,47638.99,17.39,-7.806928354159304,1.791759469228055,2.5649493574615367,13.0,0.05999999999999994,0.05999999999999994,0.79,0.07000000000000006,0.72,-0.09000000000000008,0.81,0.10000000000000009,0.71,0.0,0.71,-0.010000000000000009,0.72,0.10999999999999999,0.61,0.010000000000000009,0.6,-0.010000000000000009,0.61,-2.0958783381778923,0,0,0,0,0,0,0,0,0,0,0,0
2014-02,6.0,0.79,0.69,100.33641,93.9,47094.4,22.92,-1.1497445603000145,1.791759469228055,1.791759469228055,6.0,-0.05999999999999994,-0.05999999999999994,0.85,0.05999999999999994,0.79,0.07000000000000006,0.72,-0.09000000000000008,0.81,0.10000000000000009,0.71,0.0,0.71,-0.010000000000000009,0.72,0.10999999999999999,0.61,0.010000000000000009,0.6,0.5687539923485252,0,1,0,0,0,0,0,0,0,0,0,0
2014-03,6.0,0.77,0.92,104.1816,96.4,50414.92,21.01,6.813306502694516,1.791759469228055,1.791759469228055,6.0,-0.020000000000000018,-0.020000000000000018,0.79,-0.05999999999999994,0.85,0.05999999999999994,0.79,0.07000000000000006,0.72,-0.09000000000000008,0.81,0.10000000000000009,0.71,0.0,0.71,-0.010000000000000009,0.72,0.10999999999999999,0.61,3.8322977670817604,0,0,1,0,0,0,0,0,0,0,0,0
2014-04,6.0,0.82,0.67,103.248,94.3,51626.69,19.67,2.375162380826268,1.791759469228055,1.791759469228055,6.0,0.04999999999999993,0.04999999999999993,0.77,-0.020000000000000018,0.79,-0.05999999999999994,0.85,0.05999999999999994,0.79,0.07000000000000006,0.72,-0.09000000000000008,0.81,0.10000000000000009,0.71,0.0,0.71,-0.010000000000000009,0.72,-0.8961275311571315,0,0,0,1,0,0,0,0,0,0,0,0
2014-05,6.0,0.87,0.46,102.86346,88.3,51239.34,18.98,-0.7531190439348023,1.791759469228055,1.791759469228055,6.0,0.050000000000000044,0.050000000000000044,0.82,0.04999999999999993,0.77,-0.020000000000000018,0.79,-0.05999999999999994,0.85,0.05999999999999994,0.79,0.07000000000000006,0.72,-0.09000000000000008,0.81,0.10000000000000009,0.71,0.0,0.71,-0.37244304974430875,0,0,0,0,1,0,0,0,0,0,0,0
2014-06,15.0,0.82,0.4,98.48717,93.3,53168.22,18.06,3.695325304742525,2.70805020110221,1.791759469228055,6.0,-0.050000000000000044,-0.050000000000000044,0.87,0.050000000000000044,0.82,0.04999999999999993,0.77,-0.020000000000000018,0.79,-0.05999999999999994,0.85,0.05999999999999994,0.79,0.07000000000000006,0.72,-0.09000000000000008,0.81,0.10000000000000009,0.71,-4.254465093824377,0,0,0,0,0,1,0,0,0,0,0,0
2014-07,8.0,0.95,0.01,104.75483,90.5,55829.41,16.36,4.88399420403951,2.0794415416798357,2.70805020110221,15.0,0.13,0.13,0.82,-0.050000000000000044,0.87,0.050000000000000044,0.82,0.04999999999999993,0.77,-0.020000000000000018,0.79,-0.05999999999999994,0.85,0.05999999999999994,0.79,0.07000000000000006,0.72,-0.09000000000000008,0.81,6.363935525815179,0,0,0,0,0,0,1,0,0,0,0,0
2014-08,11.0,0.87,0.25,103.65364,96.0,61288.15,18.48,9.328572120135448,2.3978952727983707,2.0794415416798357,8.0,-0.07999999999999996,-0.07999999999999996,0.95,0.13,0.82,-0.050000000000000044,0.87,0.050000000000000044,0.82,0.04999999999999993,0.77,-0.020000000000000018,0.79,-0.05999999999999994,0.85,0.05999999999999994,0.79,0.07000000000000006,0.72,-1.0512068990040868,0,0,0,0,0,0,0,1,0,0,0,0
2014-09,6.0,0.91,0.57,103.54746,96.9,54115.98,25.12,-12.445699150811151,1.791759469228055,2.3978952727983707,11.0,0.040000000000000036,0.040000000000000036,0.87,-0.07999999999999996,0.95,0.13,0.82,-0.050000000000000044,0.87,0.050000000000000044,0.82,0.04999999999999993,0.77,-0.020000000000000018,0.79,-0.05999999999999994,0.85,0.05999999999999994,0.79,-0.1024373094857034,0,0,0,0,0,0,0,0,1,0,0,0
2014-10,4.0,0.95,0.42,104.65373,97.3,54628.6,45.21,0.9428033969767213,1.3862943611198906,1.791759469228055,6.0,0.039999999999999925,0.039999999999999925,0.91,0.040000000000000036,0.87,-0.07999999999999996,0.95,0.13,0.82,-0.050000000000000044,0.87,0.050000000000000044,0.82,0.04999999999999993,0.77,-0.020000000000000018,0.79,-0.05999999999999994,0.85,1.0683700015432507,0,0,0,0,0,0,0,0,0,1,0,0
2014-11,4.0,0.84,0.51,101.30962,97.2,54724.0,26.86,0.17448149235193,1.3862943611198906,1.3862943611198906,4.0,-0.10999999999999999,-0.10999999999999999,0.95,0.039999999999999925,0.91,0.040000000000000036,0.87,-0.07999999999999996,0.95,0.13,0.82,-0.050000000000000044,0.87,0.050000000000000044,0.82,0.04999999999999993,0.77,-0.020000000000000018,0.79,-3.1954045020660016,0,0,0,0,0,0,0,0,0,0,1,0
2014-12,8.0,0.96,0.78,101.69819,95.0,50007.41,32.85,-9.013117561025652,2.0794415416798357,1.3862943611198906,4.0,0.12,0.12,0.84,-0.10999999999999999,0.95,0.039999999999999925,0.91,0.040000000000000036,0.87,-0.07999999999999996,0.95,0.13,0.82,-0.050000000000000044,0.87,0.050000000000000044,0.82,0.04999999999999993,0.77,0.3835469918848755,0,0,0,0,0,0,0,0,0,0,0,1
2015-01,3.0,0.94,1.24,96.9607,99.0,46907.68,26.96,-6.39897797361364,1.0986122886681098,2.0794415416798357,8.0,-0.020000000000000018,-0.020000000000000018,0.96,0.12,0.84,-0.10999999999999999,0.95,0.039999999999999925,0.91,0.040000000000000036,0.87,-0.07999999999999996,0.95,0.13,0.82,-0.050000000000000044,0.87,0.050000000000000044,0.82,-4.6583818256745735,0,0,0,0,0,0,0,0,0,0,0,0
2015-02,5.0,0.82,1.22,95.6889,97.4,51583.09,19.4,9.501249088805075,1.6094379124341003,1.0986122886681098,3.0,-0.12,-0.12,0.94,-0.020000000000000018,0.96,0.12,0.84,-0.10999999999999999,0.95,0.039999999999999925,0.91,0.040000000000000036,0.87,-0.07999999999999996,0.95,0.13,0.82,-0.050000000000000044,0.87,-1.3116654479598422,0,1,0,0,0,0,0,0,0,0,0,0
2015-03,8.0,1.04,1.32,104.38635,109.2,51150.16,23.26,-0.8428285152040971,2.0794415416798357,1.6094379124341003,5.0,0.22000000000000008,0.22000000000000008,0.82,-0.12,0.94,-0.020000000000000018,0.96,0.12,0.84,-0.10999999999999999,0.95,0.039999999999999925,0.91,0.040000000000000036,0.87,-0.07999999999999996,0.95,0.13,0.82,9.089298758790187,0,0,1,0,0,0,0,0,0,0,0,0
2015-04,8.0,0.95,0.71,99.4552,103.6,56229.38,18.53,9.467377565320945,2.0794415416798357,2.0794415416798357,8.0,-0.09000000000000008,-0.09000000000000008,1.04,0.22000000000000008,0.82,-0.12,0.94,-0.020000000000000018,0.96,0.12,0.84,-0.10999999999999999,0.95,0.039999999999999925,0.91,0.040000000000000036,0.87,-0.07999999999999996,0.95,-4.723941396552311,0,0,0,1,0,0,0,0,0,0,0,0
2015-05,9.0,0.99,0.74,97.5254,105.1,52760.47,18.77,-6.367716002742085,2.1972245773362196,2.0794415416798357,8.0,0.040000000000000036,0.040000000000000036,0.95,-0.09000000000000008,1.04,0.22000000000000008,0.82,-0.12,0.94,-0.020000000000000018,0.96,0.12,0.84,-0.10999999999999999,0.95,0.039999999999999925,0.91,0.040000000000000036,0.87,-1.9403711419815117,0,0,0,0,1,0,0,0,0,0,0,0
2015-06,9.0,1.07,0.79,96.82317,105.7,53080.88,18.17,0.6054552002366265,2.1972245773362196,2.1972245773362196,9.0,0.08000000000000007,0.08000000000000007,0.99,0.040000000000000036,0.95,-0.09000000000000008,1.04,0.22000000000000008,0.82,-0.12,0.94,-0.020000000000000018,0.96,0.12,0.84,-0.10999999999999999,0.95,0.039999999999999925,0.91,-0.7200483156182935,0,0,0,0,0,1,0,0,0,0,0,0
2015-07,5.0,1.18,0.62,99.84314,118.4,50864.77,18.33,-4.264624561347219,1.6094379124341003,2.1972245773362196,9.0,0.10999999999999988,0.10999999999999988,1.07,0.08000000000000007,0.99,0.040000000000000036,0.95,-0.09000000000000008,1.04,0.22000000000000008,0.82,-0.12,0.94,-0.020000000000000018,0.96,0.12,0.84,-0.10999999999999999,0.95,3.1190571430371516,0,0,0,0,0,0,1,0,0,0,0,0
2015-08,9.0,1.11,0.22,98.19926,126.6,46625.52,26.88,-8.702251174536535,2.1972245773362196,1.6094379124341003,5.0,-0.06999999999999984,-0.06999999999999984,1.18,0.10999999999999988,1.07,0.08000000000000007,0.99,0.040000000000000036,0.95,-0.09000000000000008,1.04,0.22000000000000008,0.82,-0.12,0.94,-0.020000000000000018,0.96,0.12,0.84,-1.6464626412991512,0,0,0,0,0,0,0,1,0,0,0,0
2015-09,6.0,1.11,0.54,96.42512,136.8,45059.34,25.12,-3.4167742957123437,1.791759469228055,2.1972245773362196,9.0,0.0,0.0,1.11,-0.06999999999999984,1.18,0.10999999999999988,1.07,0.08000000000000007,0.99,0.040000000000000036,0.95,-0.09000000000000008,1.04,0.22000000000000008,0.82,-0.12,0.94,-0.020000000000000018,0.96,-1.8066734922442262,0,0,0,0,0,0,0,0,1,0,0,0
2015-10,3.0,1.11,0.82,97.72243,121.0,45868.81,25.39,1.7805077630821842,1.0986122886681098,1.791759469228055,6.0,0.0,0.0,1.11,0.0,1.11,-0.06999999999999984,1.18,0.10999999999999988,1.07,0.08000000000000007,0.99,0.040000000000000036,0.95,-0.09000000000000008,1.04,0.22000000000000008,0.82,-0.12,0.94,1.3454066741114712,0,0,0,0,0,0,0,0,0,1,0,0
2015-11,12.0,1.06,1.01,95.06369,112.9,45120.36,28.11,-1.6451779509122133,2.4849066497880004,1.0986122886681098,3.0,-0.050000000000000044,-0.050000000000000044,1.11,0.0,1.11,0.0,1.11,-0.06999999999999984,1.18,0.10999999999999988,1.07,0.08000000000000007,0.99,0.040000000000000036,0.95,-0.09000000000000008,1.04,0.22000000000000008,0.82,-2.7207059832630165,0,0,0,0,0,0,0,0,0,0,1,0
2015-12,12.0,1.16,0.96,95.40067,117.0,43349.96,25.37,-4.002780537728157,2.4849066497880004,2.4849066497880004,12.0,0.09999999999999987,0.09999999999999987,1.06,-0.050000000000000044,1.11,0.0,1.11,0.0,1.11,-0.06999999999999984,1.18,0.10999999999999988,1.07,0.08000000000000007,0.99,0.040000000000000036,0.95,-0.09000000000000008,1.04,0.3544781398660213,0,0,0,0,0,0,0,0,0,0,0,1
2016-01,6.0,1.06,1.27,89.87062,113.6,40405.99,28.93,-7.03277392007724,1.791759469228055,2.4849066497880004,12.0,-0.09999999999999987,-0.09999999999999987,1.16,0.09999999999999987,1.06,-0.050000000000000044,1.11,0.0,1.11,0.0,1.11,-0.06999999999999984,1.18,0.10999999999999988,1.07,0.08000000000000007,0.99,0.040000000000000036,0.95,-5.796657402930194,0,0,0,0,0,0,0,0,0,0,0,0
2016-02,3.0,1.0,0.9,91.4877,115.5,42793.86,33.97,5.741659304942814,1.0986122886681098,1.791759469228055,6.0,-0.06000000000000005,-0.06000000000000005,1.06,-0.09999999999999987,1.16,0.09999999999999987,1.06,-0.050000000000000044,1.11,0.0,1.11,0.0,1.11,-0.06999999999999984,1.18,0.10999999999999988,1.07,0.08000000000000007,0.99,1.79934220994582,0,1,0,0,0,0,0,0,0,0,0,0
2016-03,6.0,1.16,0.43,97.99401,123.3,50055.27,37.9,15.67331605706741,1.791759469228055,1.0986122886681098,3.0,0.15999999999999992,0.15999999999999992,1.0,-0.06000000000000005,1.06,-0.09999999999999987,1.16,0.09999999999999987,1.06,-0.050000000000000044,1.11,0.0,1.11,0.0,1.11,-0.06999999999999984,1.18,0.10999999999999988,1.07,7.111677307441333,0,0,1,0,0,0,0,0,0,0,0,0
2016-04,8.0,1.06,0.61,94.90952,128.3,53910.5,30.65,7.419746921426196,2.0794415416798357,1.791759469228055,6.0,-0.09999999999999987,-0.09999999999999987,1.16,0.15999999999999992,1.0,-0.06000000000000005,1.06,-0.09999999999999987,1.16,0.09999999999999987,1.06,-0.050000000000000044,1.11,0.0,1.11,0.0,1.11,-0.06999999999999984,1.18,-3.1476311664355827,0,0,0,1,0,0,0,0,0,0,0,0
2016-05,2.0,1.11,0.78,93.12232,120.7,48471.7,21.81,-10.634514165427511,0.6931471805599453,2.0794415416798357,8.0,0.050000000000000044,0.050000000000000044,1.06,-0.09999999999999987,1.16,0.15999999999999992,1.0,-0.06000000000000005,1.06,-0.09999999999999987,1.16,0.09999999999999987,1.06,-0.050000000000000044,1.11,0.0,1.11,0.0,1.11,-1.883056620663548,0,0,0,0,1,0,0,0,0,0,0,0
2016-06,5.0,1.16,0.35,94.47215,119.7,51526.92,26.48,6.112426706318175,1.6094379124341003,0.6931471805599453,2.0,0.04999999999999982,0.04999999999999982,1.11,0.050000000000000044,1.06,-0.09999999999999987,1.16,0.15999999999999992,1.0,-0.06000000000000005,1.06,-0.09999999999999987,1.16,0.09999999999999987,1.06,-0.050000000000000044,1.11,0.0,1.11,1.449523594343427,0,0,0,0,0,1,0,0,0,0,0,0
2016-07,16.0,1.11,0.52,95.35551,117.7,57308.2,13.07,10.633933039258991,2.772588722239781,1.6094379124341003,5.0,-0.04999999999999982,-0.04999999999999982,1.16,0.04999999999999982,1.11,0.050000000000000044,1.06,-0.09999999999999987,1.16,0.15999999999999992,1.0,-0.06000000000000005,1.06,-0.09999999999999987,1.16,0.09999999999999987,1.06,-0.050000000000000044,1.11,0.9350480538444339,0,0,0,0,0,0,1,0,0,0,0,0
2016-08,10.0,1.22,0.44,96.30267,112.0,57901.1,16.87,1.029266273218532,2.302585092994046,2.772588722239781,16.0,0.10999999999999988,0.10999999999999988,1.11,-0.04999999999999982,1.16,0.04999999999999982,1.11,0.050000000000000044,1.06,-0.09999999999999987,1.16,0.15999999999999992,1.0,-0.06000000000000005,1.06,-0.09999999999999987,1.16,0.09999999999999987,1.06,0.9932934132490301,0,0,0,0,0,0,0,1,0,0,0,0
2016-09,9.0,1.11,0.08,93.62165,110.7,58367.04,23.94,0.8014964276815917,2.1972245773362196,2.302585092994046,10.0,-0.10999999999999988,-0.10999999999999988,1.22,0.10999999999999988,1.11,-0.04999999999999982,1.16,0.04999999999999982,1.11,0.050000000000000044,1.06,-0.09999999999999987,1.16,0.15999999999999992,1.0,-0.06000000000000005,1.06,-0.09999999999999987,1.16,-2.783951888353675,0,0,0,0,0,0,0,0,1,0,0,0
2016-10,11.0,1.05,0.26,92.73418,114.0,64924.51,12.24,10.647386340233567,2.3978952727983707,2.1972245773362196,9.0,-0.06000000000000005,-0.06000000000000005,1.11,-0.10999999999999988,1.22,0.10999999999999988,1.11,-0.04999999999999982,1.16,0.04999999999999982,1.11,0.050000000000000044,1.06,-0.09999999999999987,1.16,0.15999999999999992,1.0,-0.06000000000000005,1.06,-0.9479324493853802,0,0,0,0,0,0,0,0,0,1,0,0
2016-11,10.0,1.04,0.18,92.62471,116.2,61906.35,32.28,-4.760245110721684,2.302585092994046,2.3978952727983707,11.0,-0.010000000000000009,-0.010000000000000009,1.05,-0.06000000000000005,1.11,-0.10999999999999988,1.22,0.10999999999999988,1.11,-0.04999999999999982,1.16,0.04999999999999982,1.11,0.050000000000000044,1.06,-0.09999999999999987,1.16,0.15999999999999992,1.0,-0.1180470890021379,0,0,0,0,0,0,0,0,0,0,1,0
2016-12,14.0,1.12,0.3,93.55165,123.2,60227.28,23.71,-2.749735342658788,2.6390573296152584,2.302585092994046,10.0,0.08000000000000007,0.08000000000000007,1.04,-0.010000000000000009,1.05,-0.06000000000000005,1.11,-0.10999999999999988,1.22,0.10999999999999988,1.11,-0.04999999999999982,1.16,0.04999999999999982,1.11,0.050000000000000044,1.06,-0.09999999999999987,1.16,1.0007480725175766,0,0,0,0,0,0,0,0,0,0,0,1
2017-01,8.0,1.09,0.38,89.90447,113.9,64670.78,20.36,7.1184070803006705,2.0794415416798357,2.6390573296152584,14.0,-0.030000000000000027,-0.030000000000000027,1.12,0.08000000000000007,1.04,-0.010000000000000009,1.05,-0.06000000000000005,1.11,-0.10999999999999988,1.22,0.10999999999999988,1.11,-0.04999999999999982,1.16,0.04999999999999982,1.11,0.050000000000000044,1.06,-3.898573675611272,0,0,0,0,0,0,0,0,0,0,0,0
2017-02,4.0,0.87,0.33,90.4445,108.3,66662.1,16.53,3.0327098913971895,1.3862943611198906,2.0794415416798357,8.0,-0.22000000000000008,-0.22000000000000008,1.09,-0.030000000000000027,1.12,0.08000000000000007,1.04,-0.010000000000000009,1.05,-0.06000000000000005,1.11,-0.10999999999999988,1.22,0.10999999999999988,1.11,-0.04999999999999982,1.16,0.04999999999999982,1.11,0.6006709121359588,0,1,0,0,0,0,0,0,0,0,0,0
2017-03,8.0,1.05,0.25,99.01453,111.9,64984.06,20.76,-2.549456648127091,2.0794415416798357,1.3862943611198906,4.0,0.18000000000000005,0.18000000000000005,0.87,-0.22000000000000008,1.09,-0.030000000000000027,1.12,0.08000000000000007,1.04,-0.010000000000000009,1.05,-0.06000000000000005,1.11,-0.10999999999999988,1.22,0.10999999999999988,1.11,-0.04999999999999982,1.16,9.475457324657643,0,0,1,0,0,0,0,0,0,0,0,0
2017-04,4.0,0.79,0.14,93.37047,109.2,65403.24,16.73,0.6429789468002767,1.3862943611198906,2.0794415416798357,8.0,-0.26,-0.26,1.05,0.18000000000000005,0.87,-0.22000000000000008,1.09,-0.030000000000000027,1.12,0.08000000000000007,1.04,-0.010000000000000009,1.05,-0.06000000000000005,1.11,-0.10999999999999988,1.22,0.10999999999999988,1.11,-5.700234096955259,0,0,0,1,0,0,0,0,0,0,0,0
2017-05,11.0,0.93,0.31,94.65152,116.6,62711.47,37.32,-4.202743300279721,2.3978952727983707,1.3862943611198906,4.0,0.14,0.14,0.79,-0.26,1.05,0.18000000000000005,0.87,-0.22000000000000008,1.09,-0.030000000000000027,1.12,0.08000000000000007,1.04,-0.010000000000000009,1.05,-0.06000000000000005,1.11,-0.10999999999999988,1.22,1.3720076593809694,0,0,0,0,1,0,0,0,0,0,0,0
2017-06,6.0,0.81,-0.23,94.31754,124.0,62899.97,13.33,0.30013212411148515,1.791759469228055,2.3978952727983707,11.0,-0.12,-0.12,0.93,0.14,0.79,-0.26,1.05,0.18000000000000005,0.87,-0.22000000000000008,1.09,-0.030000000000000027,1.12,0.08000000000000007,1.04,-0.010000000000000009,1.05,-0.06000000000000005,1.11,-0.3528522310048632,0,0,0,0,0,1,0,0,0,0,0,0
2017-07,10.0,0.8,0.24,96.5409,119.8,65920.36,10.99,4.69016599926082,2.302585092994046,1.791759469228055,6.0,-0.010000000000000009,-0.010000000000000009,0.81,-0.12,0.93,0.14,0.79,-0.26,1.05,0.18000000000000005,0.87,-0.22000000000000008,1.09,-0.030000000000000027,1.12,0.08000000000000007,1.04,-0.010000000000000009,1.05,2.3573133904891908,0,0,0,0,0,0,1,0,0,0,0,0
2017-08,13.0,0.8,0.19,97.74903,112.1,70835.05,12.31,7.190658794545612,2.5649493574615367,2.302585092994046,10.0,0.0,0.0,0.8,-0.010000000000000009,0.81,-0.12,0.93,0.14,0.79,-0.26,1.05,0.18000000000000005,0.87,-0.22000000000000008,1.09,-0.030000000000000027,1.12,0.08000000000000007,1.04,1.2514177928732995,0,0,0,0,0,0,0,1,0,0,0,0
2017-09,5.0,0.64,0.16,94.18057,107.1,74293.5,13.21,4.766953002371643,1.6094379124341003,2.5649493574615367,13.0,-0.16000000000000003,-0.16000000000000003,0.8,0.0,0.8,-0.010000000000000009,0.81,-0.12,0.93,0.14,0.79,-0.26,1.05,0.18000000000000005,0.87,-0.22000000000000008,1.09,-0.030000000000000027,1.12,-3.6506346917202115,0,0,0,0,0,0,0,0,1,0,0,0
2017-10,4.0,0.64,0.42,95.02149,103.8,74308.49,16.58,0.02017469624853163,1.3862943611198906,1.6094379124341003,5.0,0.0,0.0,0.64,-0.16000000000000003,0.8,0.0,0.8,-0.010000000000000009,0.81,-0.12,0.93,0.14,0.79,-0.26,1.05,0.18000000000000005,0.87,-0.22000000000000008,1.09,0.8928805591216893,0,0,0,0,0,0,0,0,0,1,0,0
2017-11,7.0,0.57,0.28,94.53653,103.1,71970.99,23.17,-3.196209052635268,1.9459101490553132,1.3862943611198906,4.0,-0.07000000000000006,-0.07000000000000006,0.64,0.0,0.64,-0.16000000000000003,0.8,0.0,0.8,-0.010000000000000009,0.81,-0.12,0.93,0.14,0.79,-0.26,1.05,0.18000000000000005,0.87,-0.5103687597405648,0,0,0,0,0,0,0,0,0,0,1,0
2017-12,19.0,0.54,0.44,95.08815,106.1,76402.08,14.15,5.974679977610897,2.9444389791664403,1.9459101490553132,7.0,-0.029999999999999916,-0.029999999999999916,0.57,-0.07000000000000006,0.64,0.0,0.64,-0.16000000000000003,0.8,0.0,0.8,-0.010000000000000009,0.81,-0.12,0.93,0.14,0.79,-0.26,1.05,0.5834993097377339,0,0,0,0,0,0,0,0,0,0,0,1
2018-01,10.0,0.58,0.29,92.28695,105.4,84912.7,18.36,10.56137489476967,2.302585092994046,2.9444389791664403,19.0,0.039999999999999925,0.039999999999999925,0.54,-0.029999999999999916,0.57,-0.07000000000000006,0.64,0.0,0.64,-0.16000000000000003,0.8,0.0,0.8,-0.010000000000000009,0.81,-0.12,0.93,0.14,0.79,-2.9458980956091785,0,0,0,0,0,0,0,0,0,0,0,0
2018-02,9.0,0.47,0.32,90.82494,104.3,85353.6,23.78,0.5178957732329792,2.1972245773362196,2.302585092994046,10.0,-0.10999999999999999,-0.10999999999999999,0.58,0.039999999999999925,0.54,-0.029999999999999916,0.57,-0.07000000000000006,0.64,0.0,0.64,-0.16000000000000003,0.8,0.0,0.8,-0.010000000000000009,0.81,-0.12,0.93,-1.5842001496419678,0,1,0,0,0,0,0,0,0,0,0,0
2018-03,6.0,0.53,0.09,98.72679,111.3,85365.56,13.5,0.014011315448669848,1.791759469228055,2.1972245773362196,9.0,0.06000000000000005,0.06000000000000005,0.47,-0.10999999999999999,0.58,0.039999999999999925,0.54,-0.029999999999999916,0.57,-0.07000000000000006,0.64,0.0,0.64,-0.16000000000000003,0.8,0.0,0.8,-0.010000000000000009,0.81,8.700088323757772,0,0,1,0,0,0,0,0,0,0,0,0
2018-04,11.0,0.52,0.22,97.04195,116.4,86115.5,16.47,0.8746677692972327,2.3978952727983707,1.791759469228055,6.0,-0.010000000000000009,-0.010000000000000009,0.53,0.06000000000000005,0.47,-0.10999999999999999,0.58,0.039999999999999925,0.54,-0.029999999999999916,0.57,-0.07000000000000006,0.64,0.0,0.64,-0.16000000000000003,0.8,0.0,0.8,-1.7065681969402613,0,0,0,1,0,0,0,0,0,0,0,0
2018-05,4.0,0.52,0.4,92.30996,119.7,76753.61,26.29,-11.508899726847766,1.3862943611198906,2.3978952727983707,11.0,0.0,0.0,0.52,-0.010000000000000009,0.53,0.06000000000000005,0.47,-0.10999999999999999,0.58,0.039999999999999925,0.54,-0.029999999999999916,0.57,-0.07000000000000006,0.64,0.0,0.64,-0.16000000000000003,0.8,-4.876231361797656,0,0,0,0,1,0,0,0,0,0,0,0
2018-06,8.0,0.52,1.26,95.71848,127.7,72762.52,23.95,-5.3399433727097545,2.0794415416798357,1.3862943611198906,4.0,0.0,0.0,0.52,0.0,0.52,-0.010000000000000009,0.53,0.06000000000000005,0.47,-0.10999999999999999,0.58,0.039999999999999925,0.54,-0.029999999999999916,0.57,-0.07000000000000006,0.64,0.0,0.64,3.692472621589249,0,0,0,0,0,1,0,0,0,0,0,0
2018-07,9.0,0.54,0.33,98.43506,115.7,79220.44,15.67,8.503335886666008,2.1972245773362196,2.0794415416798357,8.0,0.020000000000000018,0.020000000000000018,0.52,0.0,0.52,0.0,0.52,-0.010000000000000009,0.53,0.06000000000000005,0.47,-0.10999999999999999,0.58,0.039999999999999925,0.54,-0.029999999999999916,0.57,-0.07000000000000006,0.64,2.8380935426471465,0,0,0,0,0,0,1,0,0,0,0,0
2018-08,5.0,0.57,-0.09,100.01638,114.2,76677.53,23.5,-3.2625640461958483,1.6094379124341003,2.1972245773362196,9.0,0.029999999999999916,0.029999999999999916,0.54,0.020000000000000018,0.52,0.0,0.52,0.0,0.52,-0.010000000000000009,0.53,0.06000000000000005,0.47,-0.10999999999999999,0.58,0.039999999999999925,0.54,-0.029999999999999916,0.57,1.6064601372722365,0,0,0,0,0,0,0,1,0,0,0,0
2018-09,7.0,0.47,0.48,94.84516,121.5,79342.43,20.86,3.41643364261337,1.9459101490553132,1.6094379124341003,5.0,-0.09999999999999998,-0.09999999999999998,0.57,0.029999999999999916,0.54,0.020000000000000018,0.52,0.0,0.52,0.0,0.52,-0.010000000000000009,0.53,0.06000000000000005,0.47,-0.10999999999999999,0.58,0.039999999999999925,0.54,-5.170373092887381,0,0,0,0,0,0,0,0,1,0,0,0
2018-10,9.0,0.54,0.45,97.75021,110.3,87423.55,32.67,9.69916548715446,2.1972245773362196,1.9459101490553132,7.0,0.07000000000000006,0.07000000000000006,0.47,-0.09999999999999998,0.57,0.029999999999999916,0.54,0.020000000000000018,0.52,0.0,0.52,0.0,0.52,-0.010000000000000009,0.53,0.06000000000000005,0.47,-0.10999999999999999,0.58,3.062939637615658,0,0,0,0,0,0,0,0,0,1,0,0
2018-11,5.0,0.49,-0.21,96.3427,111.7,89504.03,21.92,2.3518955032987066,1.6094379124341003,2.1972245773362196,9.0,-0.050000000000000044,-0.050000000000000044,0.54,0.07000000000000006,0.47,-0.09999999999999998,0.57,0.029999999999999916,0.54,0.020000000000000018,0.52,0.0,0.52,0.0,0.52,-0.010000000000000009,0.53,0.06000000000000005,0.47,-1.4399048349870602,0,0,0,0,0,0,0,0,0,0,1,0
2018-12,9.0,0.49,0.15,95.53914,113.0,87887.27,18.05,-1.8228681660126256,2.1972245773362196,1.6094379124341003,5.0,0.0,0.0,0.49,-0.050000000000000044,0.54,0.07000000000000006,0.47,-0.09999999999999998,0.57,0.029999999999999916,0.54,0.020000000000000018,0.52,0.0,0.52,0.0,0.52,-0.010000000000000009,0.53,-0.8340642311249202,0,0,0,0,0,0,0,0,0,0,0,1
2019-01,10.0,0.54,0.32,93.18627,111.5,97393.75,17.69,10.270706967186882,2.302585092994046,2.1972245773362196,9.0,0.050000000000000044,0.050000000000000044,0.49,0.0,0.49,-0.050000000000000044,0.54,0.07000000000000006,0.47,-0.09999999999999998,0.57,0.029999999999999916,0.54,0.020000000000000018,0.52,0.0,0.52,0.0,0.52,-2.462728887867327,0,0,0,0,0,0,0,0,0,0,0,0
2019-02,8.0,0.49,0.43,93.74618,111.3,95584.35,21.26,-1.8752936484087712,2.0794415416798357,2.302585092994046,10.0,-0.050000000000000044,-0.050000000000000044,0.54,0.050000000000000044,0.49,0.0,0.49,-0.050000000000000044,0.54,0.07000000000000006,0.47,-0.09999999999999998,0.57,0.029999999999999916,0.54,0.020000000000000018,0.52,0.0,0.52,0.6008503183999148,0,1,0,0,0,0,0,0,0,0,0,0
2019-03,9.0,0.47,0.75,97.03471,109.2,95414.56,26.4,-0.17779163737152714,2.1972245773362196,2.0794415416798357,8.0,-0.020000000000000018,-0.020000000000000018,0.49,-0.050000000000000044,0.54,0.050000000000000044,0.49,0.0,0.49,-0.050000000000000044,0.54,0.07000000000000006,0.47,-0.09999999999999998,0.57,0.029999999999999916,0.54,0.020000000000000018,0.52,3.5079082689022822,0,0,1,0,0,0,0,0,0,0,0,0
2019-04,17.0,0.52,0.57,97.42994,117.3,96353.33,16.98,0.9790768403707517,2.833213344056216,2.1972245773362196,9.0,0.050000000000000044,0.050000000000000044,0.47,-0.020000000000000018,0.49,-0.050000000000000044,0.54,0.050000000000000044,0.49,0.0,0.49,-0.050000000000000044,0.54,0.07000000000000006,0.47,-0.09999999999999998,0.57,0.029999999999999916,0.54,0.4073078592186308,0,0,0,1,0,0,0,0,0,0,0,0
2019-05,14.0,0.54,0.13,97.37583,119.5,97030.32,19.89,0.7001551223167368,2.6390573296152584,2.833213344056216,17.0,0.020000000000000018,0.020000000000000018,0.52,0.050000000000000044,0.47,-0.020000000000000018,0.49,-0.050000000000000044,0.54,0.050000000000000044,0.49,0.0,0.49,-0.050000000000000044,0.54,0.07000000000000006,0.47,-0.09999999999999998,0.57,-0.055537343038503106,0,0,0,0,1,0,0,0,0,0,0,0
2019-06,6.0,0.47,0.01,94.46255,119.1,100967.2,15.77,3.9772204641648656,1.791759469228055,2.6390573296152584,14.0,-0.07000000000000006,-0.07000000000000006,0.54,0.020000000000000018,0.52,0.050000000000000044,0.47,-0.020000000000000018,0.49,-0.050000000000000044,0.54,0.050000000000000044,0.49,0.0,0.49,-0.050000000000000044,0.54,0.07000000000000006,0.47,-2.9917896463629634,0,0,0,0,0,1,0,0,0,0,0,0
2019-07,14.0,0.57,0.19,99.99017,108.4,101812.13,13.35,0.8333540601784151,2.6390573296152584,1.791759469228055,6.0,0.09999999999999998,0.09999999999999998,0.47,-0.07000000000000006,0.54,0.020000000000000018,0.52,0.050000000000000044,0.47,-0.020000000000000018,0.49,-0.050000000000000044,0.54,0.050000000000000044,0.49,0.0,0.49,-0.050000000000000044,0.54,5.851652321475553,0,0,0,0,0,0,1,0,0,0,0,0
2019-08,15.0,0.5,0.11,99.29552,114.2,101134.61,24.18,-0.667685045843669,2.70805020110221,2.6390573296152584,14.0,-0.06999999999999995,-0.06999999999999995,0.57,0.09999999999999998,0.47,-0.07000000000000006,0.54,0.020000000000000018,0.52,0.050000000000000044,0.47,-0.020000000000000018,0.49,-0.050000000000000044,0.54,0.050000000000000044,0.49,0.0,0.49,-0.6947182908079941,0,0,0,0,0,0,0,1,0,0,0,0
2019-09,7.0,0.46,-0.04,96.56005,116.9,104745.32,10.44,3.5079478234013806,1.9459101490553132,2.70805020110221,15.0,-0.03999999999999998,-0.03999999999999998,0.5,-0.06999999999999995,0.57,0.09999999999999998,0.47,-0.07000000000000006,0.54,0.020000000000000018,0.52,0.050000000000000044,0.47,-0.020000000000000018,0.49,-0.050000000000000044,0.54,0.050000000000000044,0.49,-2.7548775614448573,0,0,0,0,0,0,0,0,1,0,0,0
2019-10,15.0,0.48,0.1,99.88519,111.1,107219.83,17.6,2.334933287317753,2.70805020110221,1.9459101490553132,7.0,0.019999999999999962,0.019999999999999962,0.46,-0.03999999999999998,0.5,-0.06999999999999995,0.57,0.09999999999999998,0.47,-0.07000000000000006,0.54,0.020000000000000018,0.52,0.050000000000000044,0.47,-0.020000000000000018,0.49,-0.050000000000000044,0.54,3.443598051160901,0,0,0,0,0,0,0,0,0,1,0,0
2019-11,17.0,0.38,0.51,97.25728,105.1,108233.28,14.44,0.9407684804973115,2.833213344056216,2.70805020110221,15.0,-0.09999999999999998,-0.09999999999999998,0.48,0.019999999999999962,0.46,-0.03999999999999998,0.5,-0.06999999999999995,0.57,0.09999999999999998,0.47,-0.07000000000000006,0.54,0.020000000000000018,0.52,0.050000000000000044,0.47,-0.020000000000000018,0.49,-2.630930571389012,0,0,0,0,0,0,0,0,0,0,1,0
2019-12,18.0,0.37,1.15,96.42236,112.4,115645.34,10.2,6.623919619711494,2.8903717578961645,2.833213344056216,17.0,-0.010000000000000009,-0.010000000000000009,0.38,-0.09999999999999998,0.48,0.019999999999999962,0.46,-0.03999999999999998,0.5,-0.06999999999999995,0.57,0.09999999999999998,0.47,-0.07000000000000006,0.54,0.020000000000000018,0.52,0.050000000000000044,0.47,-0.8584652994613862,0,0,0,0,0,0,0,0,0,0,0,1
2020-01,6.0,0.38,0.21,93.56733,112.9,113760.57,20.85,-1.6432117284232106,1.791759469228055,2.8903717578961645,18.0,0.010000000000000009,0.010000000000000009,0.37,-0.010000000000000009,0.38,-0.09999999999999998,0.48,0.019999999999999962,0.46,-0.03999999999999998,0.5,-0.06999999999999995,0.57,0.09999999999999998,0.47,-0.07000000000000006,0.54,0.020000000000000018,0.52,-2.9609625817082263,0,0,0,0,0,0,0,0,0,0,0,0
2020-02,13.0,0.29,0.25,94.01505,115.1,104171.57,33.32,-8.80567251904072,2.5649493574615367,1.791759469228055,6.0,-0.09000000000000002,-0.09000000000000002,0.38,0.010000000000000009,0.37,-0.010000000000000009,0.38,-0.09999999999999998,0.48,0.019999999999999962,0.46,-0.03999999999999998,0.5,-0.06999999999999995,0.57,0.09999999999999998,0.47,-0.07000000000000006,0.54,0.478500348358768,0,1,0,0,0,0,0,0,0,0,0,0
2020-03,9.0,0.34,0.07,95.26194,167.1,73019.76,123.94,-35.530916194915285,2.1972245773362196,2.5649493574615367,13.0,0.050000000000000044,0.050000000000000044,0.29,-0.09000000000000002,0.38,0.010000000000000009,0.37,-0.010000000000000009,0.38,-0.09999999999999998,0.48,0.019999999999999962,0.46,-0.03999999999999998,0.5,-0.06999999999999995,0.57,0.09999999999999998,0.47,1.326266379691332,1,0,1,0,0,0,0,0,0,0,0,0
2020-04,5.0,0.28,-0.31,83.69744,210.5,80505.89,47.59,9.760025999841382,1.6094379124341003,2.1972245773362196,9.0,-0.06,-0.06,0.34,0.050000000000000044,0.29,-0.09000000000000002,0.38,0.010000000000000009,0.37,-0.010000000000000009,0.38,-0.09999999999999998,0.48,0.019999999999999962,0.46,-0.03999999999999998,0.5,-0.06999999999999995,0.57,-12.139685586919601,1,0,0,1,0,0,0,0,0,0,0,0
2020-05,4.0,0.24,-0.38,84.23223,190.3,87402.59,31.41,8.219456663993618,1.3862943611198906,1.6094379124341003,5.0,-0.040000000000000036,-0.040000000000000036,0.28,-0.06,0.34,0.050000000000000044,0.29,-0.09000000000000002,0.38,0.010000000000000009,0.37,-0.010000000000000009,0.38,-0.09999999999999998,0.48,0.019999999999999962,0.46,-0.03999999999999998,0.5,0.6389562213611422,1,0,0,0,1,0,0,0,0,0,0,0
2020-06,8.0,0.21,0.26,88.85592,173.6,95055.82,26.3,8.393938190129901,2.0794415416798357,1.3862943611198906,4.0,-0.03,-0.03,0.24,-0.040000000000000036,0.28,-0.06,0.34,0.050000000000000044,0.29,-0.09000000000000002,0.38,0.010000000000000009,0.37,-0.010000000000000009,0.38,-0.09999999999999998,0.48,0.019999999999999962,0.46,5.4892171322069805,1,0,0,0,0,1,0,0,0,0,0,0
2020-07,14.0,0.19,0.36,95.4319,163.7,102912.24,21.5,7.941228821228918,2.6390573296152584,2.0794415416798357,8.0,-0.01999999999999999,-0.01999999999999999,0.21,-0.03,0.24,-0.040000000000000036,0.28,-0.06,0.34,0.050000000000000044,0.29,-0.09000000000000002,0.38,0.010000000000000009,0.37,-0.010000000000000009,0.38,-0.09999999999999998,0.48,7.400722427948536,1,0,0,0,0,0,1,0,0,0,0,0
2020-08,22.0,0.16,0.24,94.94526,160.3,99369.15,21.33,-3.503488288609624,3.091042453358316,2.6390573296152584,14.0,-0.03,-0.03,0.19,-0.01999999999999999,0.21,-0.03,0.24,-0.040000000000000036,0.28,-0.06,0.34,0.050000000000000044,0.29,-0.09000000000000002,0.38,0.010000000000000009,0.37,-0.010000000000000009,0.38,-0.5099343091775288,1,0,0,0,0,0,0,1,0,0,0,0
2020-09,15.0,0.16,0.64,95.78355,145.8,94603.38,22.24,-4.91484985107391,2.70805020110221,3.091042453358316,22.0,0.0,0.0,0.16,-0.03,0.19,-0.01999999999999999,0.21,-0.03,0.24,-0.040000000000000036,0.28,-0.06,0.34,0.050000000000000044,0.29,-0.09000000000000002,0.38,0.010000000000000009,0.37,0.8829192736951708,1,0,0,0,0,0,0,0,1,0,0,0
2020-10,17.0,0.16,0.86,97.82627,143.8,93952.4,25.65,-0.6904933770323751,2.833213344056216,2.70805020110221,15.0,0.0,0.0,0.16,0.0,0.16,-0.03,0.19,-0.01999999999999999,0.21,-0.03,0.24,-0.040000000000000036,0.28,-0.06,0.34,0.050000000000000044,0.29,-0.09000000000000002,0.38,2.1326417740833215,1,0,0,0,0,0,0,0,0,1,0,0
2020-11,20.0,0.15,0.89,96.62274,145.8,108893.32,22.3,14.758041634185481,2.995732273553991,2.833213344056216,17.0,-0.010000000000000009,-0.010000000000000009,0.16,0.0,0.16,0.0,0.16,-0.03,0.19,-0.01999999999999999,0.21,-0.03,0.24,-0.040000000000000036,0.28,-0.06,0.34,0.050000000000000044,0.29,-1.230272809133992,1,0,0,0,0,0,0,0,0,0,1,0
2020-12,24.0,0.16,1.35,97.5046,142.3,119017.24,15.4,8.889966918991554,3.1780538303479458,2.995732273553991,20.0,0.010000000000000009,0.010000000000000009,0.15,-0.010000000000000009,0.16,0.0,0.16,0.0,0.16,-0.03,0.19,-0.01999999999999999,0.21,-0.03,0.24,-0.040000000000000036,0.28,-0.06,0.34,0.9126837015799749,1,0,0,0,0,0,0,0,0,0,0,1
2021-01,6.0,0.15,0.25,91.88735,137.4,115067.55,25.37,-3.3749009347040726,1.791759469228055,3.1780538303479458,24.0,-0.010000000000000009,-0.010000000000000009,0.16,0.010000000000000009,0.15,-0.010000000000000009,0.16,0.0,0.16,0.0,0.16,-0.03,0.19,-0.01999999999999999,0.21,-0.03,0.24,-0.040000000000000036,0.28,-5.761010249772824,0,0,0,0,0,0,0,0,0,0,0,0
2021-02,14.0,0.13,0.86,94.05891,128.2,110035.17,27.7,-4.471930525757983,2.6390573296152584,1.791759469228055,6.0,-0.01999999999999999,-0.01999999999999999,0.15,-0.010000000000000009,0.16,0.010000000000000009,0.15,-0.010000000000000009,0.16,0.0,0.16,0.0,0.16,-0.03,0.19,-0.01999999999999999,0.21,-0.03,0.24,2.3632850441328346,0,1,0,0,0,0,0,0,0,0,0,0
2021-03,16.0,0.2,0.93,101.08908,136.5,116633.72,23.27,5.823838396968917,2.772588722239781,2.6390573296152584,14.0,0.07,0.07,0.13,-0.01999999999999999,0.15,-0.010000000000000009,0.16,0.010000000000000009,0.15,-0.010000000000000009,0.16,0.0,0.16,0.0,0.16,-0.03,0.19,-0.01999999999999999,0.21,7.474220145651267,0,0,1,0,0,0,0,0,0,0,0,0
2021-04,17.0,0.21,0.31,97.40669,129.4,118893.84,13.52,1.919256817946291,2.833213344056216,2.772588722239781,16.0,0.009999999999999981,0.009999999999999981,0.2,0.07,0.13,-0.01999999999999999,0.15,-0.010000000000000009,0.16,0.010000000000000009,0.15,-0.010000000000000009,0.16,0.0,0.16,0.0,0.16,-0.03,0.19,-3.642717888025093,0,0,0,1,0,0,0,0,0,0,0,0
2021-05,16.0,0.27,0.83,96.00952,119.9,126215.73,15.74,5.976159165048145,2.772588722239781,2.833213344056216,17.0,0.060000000000000026,0.060000000000000026,0.21,0.009999999999999981,0.2,0.07,0.13,-0.01999999999999999,0.15,-0.010000000000000009,0.16,0.010000000000000009,0.15,-0.010000000000000009,0.16,0.0,0.16,0.0,0.16,-1.4343675983651716,0,0,0,0,1,0,0,0,0,0,0,0
2021-06,18.0,0.31,0.53,96.46515,122.3,126801.66,11.83,0.46315476371781017,2.8903717578961645,2.772588722239781,16.0,0.03999999999999998,0.03999999999999998,0.27,0.060000000000000026,0.21,0.009999999999999981,0.2,0.07,0.13,-0.01999999999999999,0.15,-0.010000000000000009,0.16,0.010000000000000009,0.15,-0.010000000000000009,0.16,0.0,0.16,0.47456752205405905,0,0,0,0,0,1,0,0,0,0,0,0
2021-07,19.0,0.36,0.96,99.84045,119.3,121800.79,19.46,-4.023729210262772,2.9444389791664403,2.8903717578961645,18.0,0.04999999999999999,0.04999999999999999,0.31,0.03999999999999998,0.27,0.060000000000000026,0.21,0.009999999999999981,0.2,0.07,0.13,-0.01999999999999999,0.15,-0.010000000000000009,0.16,0.010000000000000009,0.15,-0.010000000000000009,0.16,3.4989838299116505,0,0,0,0,0,0,1,0,0,0,0,0
2021-08,24.0,0.43,0.87,99.18841,119.6,118781.03,16.95,-2.510512725381986,3.1780538303479458,2.9444389791664403,19.0,0.07,0.07,0.36,0.04999999999999999,0.31,0.03999999999999998,0.27,0.060000000000000026,0.21,0.009999999999999981,0.2,0.07,0.13,-0.01999999999999999,0.15,-0.010000000000000009,0.16,0.010000000000000009,0.15,-0.6530819923187492,0,0,0,0,0,0,0,1,0,0,0,0
2021-09,13.0,0.44,1.16,97.10213,131.4,110979.1,26.43,-6.79398187480551,2.5649493574615367,3.1780538303479458,24.0,0.010000000000000009,0.010000000000000009,0.43,0.07,0.36,0.04999999999999999,0.31,0.03999999999999998,0.27,0.060000000000000026,0.21,0.009999999999999981,0.2,0.07,0.13,-0.01999999999999999,0.15,-0.010000000000000009,0.16,-2.1033505829965438,0,0,0,0,0,0,0,0,1,0,0,0
2021-10,22.0,0.49,1.25,96.53525,127.1,103500.71,25.02,-6.976342271030411,3.091042453358316,2.5649493574615367,13.0,0.04999999999999999,0.04999999999999999,0.44,0.010000000000000009,0.43,0.07,0.36,0.04999999999999999,0.31,0.03999999999999998,0.27,0.060000000000000026,0.21,0.009999999999999981,0.2,0.07,0.13,-0.01999999999999999,0.15,-0.5837976983615101,0,0,0,0,0,0,0,0,0,1,0,0
2021-11,23.0,0.59,0.95,97.85074,125.2,101915.45,22.34,-1.5434924615087553,3.1354942159291497,3.091042453358316,22.0,0.09999999999999998,0.09999999999999998,0.49,0.04999999999999999,0.44,0.010000000000000009,0.43,0.07,0.36,0.04999999999999999,0.31,0.03999999999999998,0.27,0.060000000000000026,0.21,0.009999999999999981,0.2,0.07,0.13,1.3627042971349868,0,0,0,0,0,0,0,0,0,0,1,0
2021-12,31.0,0.77,0.73,99.31719,118.7,104822.44,19.71,2.81243231332855,3.4339872044851463,3.1354942159291497,23.0,0.18000000000000005,0.18000000000000005,0.59,0.09999999999999998,0.49,0.04999999999999999,0.44,0.010000000000000009,0.43,0.07,0.36,0.04999999999999999,0.31,0.03999999999999998,0.27,0.060000000000000026,0.21,0.009999999999999981,0.2,1.498660102110616,0,0,0,0,0,0,0,0,0,0,0,1
2022-01,15.0,0.73,0.54,91.68135,116.4,112143.51,18.01,6.751151926272669,2.70805020110221,3.4339872044851463,31.0,-0.040000000000000036,-0.040000000000000036,0.77,0.18000000000000005,0.59,0.09999999999999998,0.49,0.04999999999999999,0.44,0.010000000000000009,0.43,0.07,0.36,0.04999999999999999,0.31,0.03999999999999998,0.27,0.060000000000000026,0.21,-7.688336732040046,0,0,0,0,0,0,0,0,0,0,0,0
2022-02,12.0,0.76,1.01,95.63869,117.1,113141.94,12.62,0.8863746299452302,2.4849066497880004,2.70805020110221,15.0,0.030000000000000027,0.030000000000000027,0.73,-0.040000000000000036,0.77,0.18000000000000005,0.59,0.09999999999999998,0.49,0.04999999999999999,0.44,0.010000000000000009,0.43,0.07,0.36,0.04999999999999999,0.31,0.03999999999999998,0.27,4.316406771933434,0,1,0,0,0,0,0,0,0,0,0,0
2022-03,15.0,0.93,1.62,104.52745,121.3,119999.23,20.68,5.884218942913932,2.70805020110221,2.4849066497880004,12.0,0.17000000000000004,0.17000000000000004,0.76,0.030000000000000027,0.73,-0.040000000000000036,0.77,0.18000000000000005,0.59,0.09999999999999998,0.49,0.04999999999999999,0.44,0.010000000000000009,0.43,0.07,0.36,0.04999999999999999,0.31,9.294104718498343,0,0,1,0,0,0,0,0,0,0,0,0
2022-04,11.0,0.83,1.06,100.23187,114.9,107876.16,17.57,-10.650142356245595,2.3978952727983707,2.70805020110221,15.0,-0.10000000000000009,-0.10000000000000009,0.93,0.17000000000000004,0.76,0.030000000000000027,0.73,-0.040000000000000036,0.77,0.18000000000000005,0.59,0.09999999999999998,0.49,0.04999999999999999,0.44,0.010000000000000009,0.43,0.07,0.36,-4.109523383570535,0,0,0,1,0,0,0,0,0,0,0,0
2022-05,21.0,1.03,0.47,99.74515,116.9,111350.51,20.18,3.169907131322347,3.044522437723423,2.3978952727983707,11.0,0.20000000000000007,0.20000000000000007,0.83,-0.10000000000000009,0.93,0.17000000000000004,0.76,0.030000000000000027,0.73,-0.040000000000000036,0.77,0.18000000000000005,0.59,0.09999999999999998,0.49,0.04999999999999999,0.44,0.010000000000000009,0.43,-0.4855940530691494,0,0,0,0,1,0,0,0,0,0,0,0
2022-06,9.0,1.02,0.67,99.31223,120.6,98541.95,18.72,-12.220062800733444,2.1972245773362196,3.044522437723423,21.0,-0.010000000000000009,-0.010000000000000009,1.03,0.20000000000000007,0.83,-0.10000000000000009,0.93,0.17000000000000004,0.76,0.030000000000000027,0.73,-0.040000000000000036,0.77,0.18000000000000005,0.59,0.09999999999999998,0.49,0.04999999999999999,0.44,-0.43402611555548587,0,0,0,0,0,1,0,0,0,0,0,0
2022-07,14.0,1.03,-0.68,103.96198,120.8,103164.69,16.15,4.584429749938224,2.6390573296152584,2.1972245773362196,9.0,0.010000000000000009,0.010000000000000009,1.02,-0.010000000000000009,1.03,0.20000000000000007,0.83,-0.10000000000000009,0.93,0.17000000000000004,0.76,0.030000000000000027,0.73,-0.040000000000000036,0.77,0.18000000000000005,0.59,0.09999999999999998,0.49,4.681951054769384,0,0,0,0,0,0,1,0,0,0,0,0
2022-08,13.0,1.17,-0.36,104.51378,116.6,109522.88,19.17,5.980683386367502,2.5649493574615367,2.6390573296152584,14.0,0.1399999999999999,0.1399999999999999,1.03,0.010000000000000009,1.02,-0.010000000000000009,1.03,0.20000000000000007,0.83,-0.10000000000000009,0.93,0.17000000000000004,0.76,0.030000000000000027,0.73,-0.040000000000000036,0.77,0.18000000000000005,0.59,0.5307709606915845,0,0,0,0,0,0,0,1,0,0,0,0
2022-09,10.0,1.07,-0.29,101.18408,111.7,110036.79,23.45,0.46812872191352994,2.302585092994046,2.5649493574615367,13.0,-0.09999999999999987,-0.09999999999999987,1.17,0.1399999999999999,1.03,0.010000000000000009,1.02,-0.010000000000000009,1.03,0.20000000000000007,0.83,-0.10000000000000009,0.93,0.17000000000000004,0.76,0.030000000000000027,0.73,-0.040000000000000036,0.77,-3.1858956780627445,0,0,0,0,0,0,0,0,1,0,0,0
2022-10,14.0,1.02,0.59,100.08341,112.0,116037.08,29.41,5.309503077953082,2.6390573296152584,2.302585092994046,10.0,-0.050000000000000044,-0.050000000000000044,1.07,-0.09999999999999987,1.17,0.1399999999999999,1.03,0.010000000000000009,1.02,-0.010000000000000009,1.03,0.20000000000000007,0.83,-0.10000000000000009,0.93,0.17000000000000004,0.76,0.030000000000000027,0.73,-1.087789699723507,0,0,0,0,0,0,0,0,0,1,0,0
2022-11,7.0,1.02,0.41,99.15286,112.1,112486.01,27.72,-3.108093684382318,1.9459101490553132,2.6390573296152584,14.0,0.0,0.0,1.02,-0.050000000000000044,1.07,-0.09999999999999987,1.17,0.1399999999999999,1.03,0.010000000000000009,1.02,-0.010000000000000009,1.03,0.20000000000000007,0.83,-0.10000000000000009,0.93,0.17000000000000004,0.76,-0.9297744751103121,0,0,0,0,0,0,0,0,0,0,1,0
2022-12,14.0,1.12,0.62,99.96717,112.7,109734.6,20.92,-2.4764135153068523,2.6390573296152584,1.9459101490553132,7.0,0.10000000000000009,0.10000000000000009,1.02,0.0,1.02,-0.050000000000000044,1.07,-0.09999999999999987,1.17,0.1399999999999999,1.03,0.010000000000000009,1.02,-0.010000000000000009,1.03,0.20000000000000007,0.83,-0.10000000000000009,0.93,0.8212672836668489,0,0,0,0,0,0,0,0,0,0,0,1
2023-01,6.0,1.12,0.53,95.09937,113.3,113430.54,22.15,3.3125944001893615,1.791759469228055,2.6390573296152584,14.0,0.0,0.0,1.12,0.10000000000000009,1.02,0.0,1.02,-0.050000000000000044,1.07,-0.09999999999999987,1.17,0.1399999999999999,1.03,0.010000000000000009,1.02,-0.010000000000000009,1.03,0.20000000000000007,0.83,-4.869398623568122,0,0,0,0,0,0,0,0,0,0,0,0
2023-02,8.0,0.92,0.84,98.65085,111.7,104931.93,18.21,-7.787881298975918,2.0794415416798357,1.791759469228055,6.0,-0.20000000000000007,-0.20000000000000007,1.12,0.0,1.12,0.10000000000000009,1.02,0.0,1.02,-0.050000000000000044,1.07,-0.09999999999999987,1.17,0.1399999999999999,1.03,0.010000000000000009,1.02,-0.010000000000000009,1.03,3.734493719569354,0,1,0,0,0,0,0,0,0,0,0,0
2023-03,9.0,1.17,0.71,110.61559,116.7,101882.2,18.96,-2.9494610304887203,2.1972245773362196,2.0794415416798357,8.0,0.2499999999999999,0.2499999999999999,0.92,-0.20000000000000007,1.12,0.0,1.12,0.10000000000000009,1.02,0.0,1.02,-0.050000000000000044,1.07,-0.09999999999999987,1.17,0.1399999999999999,1.03,0.010000000000000009,1.02,12.128369902540115,0,0,1,0,0,0,0,0,0,0,0,0
2023-04,4.0,0.92,0.61,104.04073,112.6,104431.63,20.6,2.4715355000948236,1.3862943611198906,2.1972245773362196,9.0,-0.2499999999999999,-0.2499999999999999,1.17,0.2499999999999999,0.92,-0.20000000000000007,1.12,0.0,1.12,0.10000000000000009,1.02,0.0,1.02,-0.050000000000000044,1.07,-0.09999999999999987,1.17,0.1399999999999999,1.03,-5.943881870539225,0,0,0,1,0,0,0,0,0,0,0,0
2023-05,15.0,1.12,0.23,102.717,111.8,108335.07,17.05,3.6696325391114115,2.70805020110221,1.3862943611198906,4.0,0.20000000000000007,0.20000000000000007,0.92,-0.2499999999999999,1.17,0.2499999999999999,0.92,-0.20000000000000007,1.12,0.0,1.12,0.10000000000000009,1.02,0.0,1.02,-0.050000000000000044,1.07,-0.09999999999999987,1.17,-1.2723190235208848,0,0,0,0,1,0,0,0,0,0,0,0
2023-06,4.0,1.07,-0.08,102.28027,107.6,118087.0,15.68,8.619271663551586,1.3862943611198906,2.70805020110221,15.0,-0.050000000000000044,-0.050000000000000044,1.12,0.20000000000000007,0.92,-0.2499999999999999,1.17,0.2499999999999999,0.92,-0.20000000000000007,1.12,0.0,1.12,0.10000000000000009,1.02,0.0,1.02,-0.050000000000000044,1.07,-0.42517791602169064,0,0,0,0,0,1,0,0,0,0,0,0
2023-07,11.0,1.07,0.12,105.34385,103.5,121942.98,16.78,3.2131917491497575,2.3978952727983707,1.3862943611198906,4.0,0.0,0.0,1.07,-0.050000000000000044,1.12,0.20000000000000007,0.92,-0.2499999999999999,1.17,0.2499999999999999,0.92,-0.20000000000000007,1.12,0.0,1.12,0.10000000000000009,1.02,0.0,1.02,2.9952795392503395,0,0,0,0,0,0,1,0,0,0,0,0
2023-08,6.0,1.14,0.23,106.05901,108.5,115741.81,13.37,-5.219162390588039,1.791759469228055,2.3978952727983707,11.0,0.06999999999999984,0.06999999999999984,1.07,0.0,1.07,-0.050000000000000044,1.12,0.20000000000000007,0.92,-0.2499999999999999,1.17,0.2499999999999999,0.92,-0.20000000000000007,1.12,0.0,1.12,0.10000000000000009,1.02,0.6788815863479458,0,0,0,0,0,0,0,1,0,0,0,0
2023-09,8.0,0.97,0.26,101.7557,106.8,116565.17,15.84,0.7088581218512857,2.0794415416798357,1.791759469228055,6.0,-0.16999999999999993,-0.16999999999999993,1.14,0.06999999999999984,1.07,0.0,1.07,-0.050000000000000044,1.12,0.20000000000000007,0.92,-0.2499999999999999,1.17,0.2499999999999999,0.92,-0.20000000000000007,1.12,0.0,1.12,-4.057467630520028,0,0,0,0,0,0,0,0,1,0,0,0
2023-10,9.0,1.0,0.24,101.93319,110.9,113143.67,15.3,-2.979208866527294,2.1972245773362196,2.0794415416798357,8.0,0.030000000000000027,0.030000000000000027,0.97,-0.16999999999999993,1.14,0.06999999999999984,1.07,0.0,1.07,-0.050000000000000044,1.12,0.20000000000000007,0.92,-0.2499999999999999,1.17,0.2499999999999999,0.92,-0.20000000000000007,1.12,0.17442757506458406,0,0,0,0,0,0,0,0,0,1,0,0
2023-11,6.0,0.92,0.28,101.6828,110.4,127331.12,14.06,11.813251051170148,1.791759469228055,2.1972245773362196,9.0,-0.07999999999999996,-0.07999999999999996,1.0,0.030000000000000027,0.97,-0.16999999999999993,1.14,0.06999999999999984,1.07,0.0,1.07,-0.050000000000000044,1.12,0.20000000000000007,0.92,-0.2499999999999999,1.17,0.2499999999999999,0.92,-0.24564128719997136,0,0,0,0,0,0,0,0,0,0,1,0
2023-12,10.0,0.89,0.56,101.67956,107.0,134185.24,13.21,5.2430295803466365,2.302585092994046,1.791759469228055,6.0,-0.030000000000000027,-0.030000000000000027,0.92,-0.07999999999999996,1.0,0.030000000000000027,0.97,-0.16999999999999993,1.14,0.06999999999999984,1.07,0.0,1.07,-0.050000000000000044,1.12,0.20000000000000007,0.92,-0.2499999999999999,1.17,-0.0031863796040254577,0,0,0,0,0,0,0,0,0,0,0,1
2024-01,5.0,0.97,0.42,99.29643,109.1,127752.28,11.52,-4.912815710923368,1.6094379124341003,2.302585092994046,10.0,0.07999999999999996,0.07999999999999996,0.89,-0.030000000000000027,0.92,-0.07999999999999996,1.0,0.030000000000000027,0.97,-0.16999999999999993,1.14,0.06999999999999984,1.07,0.0,1.07,-0.050000000000000044,1.12,0.20000000000000007,0.92,-2.34376505956555,0,0,0,0,0,0,0,0,0,0,0,0
2024-02,4.0,0.8,0.83,102.15218,104.5,129020.02,14.56,0.9874509836135914,1.3862943611198906,1.6094379124341003,5.0,-0.16999999999999993,-0.16999999999999993,0.97,0.07999999999999996,0.89,-0.030000000000000027,0.92,-0.07999999999999996,1.0,0.030000000000000027,0.97,-0.16999999999999993,1.14,0.06999999999999984,1.07,0.0,1.07,-0.050000000000000044,1.12,2.875984564601164,0,1,0,0,0,0,0,0,0,0,0,0
2024-03,9.0,0.83,0.16,109.56614,103.8,128106.1,10.49,-0.7108759302251855,2.1972245773362196,1.3862943611198906,4.0,0.029999999999999916,0.029999999999999916,0.8,-0.16999999999999993,0.97,0.07999999999999996,0.89,-0.030000000000000027,0.92,-0.07999999999999996,1.0,0.030000000000000027,0.97,-0.16999999999999993,1.14,0.06999999999999984,1.07,0.0,1.07,7.257759942078579,0,0,1,0,0,0,0,0,0,0,0,0
2024-04,13.0,0.89,0.38,109.25735,106.5,125924.19,12.74,-1.7178767605768641,2.5649493574615367,2.1972245773362196,9.0,0.06000000000000005,0.06000000000000005,0.83,0.029999999999999916,0.8,-0.16999999999999993,0.97,0.07999999999999996,0.89,-0.030000000000000027,0.92,-0.07999999999999996,1.0,0.030000000000000027,0.97,-0.16999999999999993,1.14,0.06999999999999984,1.07,-0.2818297696715488,0,0,0,1,0,0,0,0,0,0,0,0
2024-05,8.0,0.83,0.46,104.71633,112.9,122098.09,9.86,-3.0855321132124303,2.0794415416798357,2.5649493574615367,13.0,-0.06000000000000005,-0.06000000000000005,0.89,0.06000000000000005,0.83,0.029999999999999916,0.8,-0.16999999999999993,0.97,0.07999999999999996,0.89,-0.030000000000000027,0.92,-0.07999999999999996,1.0,0.030000000000000027,0.97,-0.16999999999999993,1.14,-4.15626042549998,0,0,0,0,1,0,0,0,0,0,0,0
2024-06,7.0,0.79,0.21,105.86827,110.6,123906.55,12.34,1.4702914372998421,1.9459101490553132,2.0794415416798357,8.0,-0.039999999999999925,-0.039999999999999925,0.83,-0.06000000000000005,0.89,0.06000000000000005,0.83,0.029999999999999916,0.8,-0.16999999999999993,0.97,0.07999999999999996,0.89,-0.030000000000000027,0.92,-0.07999999999999996,1.0,0.030000000000000027,0.97,1.1000576509891058,0,0,0,0,0,1,0,0,0,0,0,0
2024-07,9.0,0.91,0.38,111.51398,110.3,127651.81,9.95,2.97786705320906,2.1972245773362196,1.9459101490553132,7.0,0.12,0.12,0.79,-0.039999999999999925,0.83,-0.06000000000000005,0.89,0.06000000000000005,0.83,0.029999999999999916,0.8,-0.16999999999999993,0.97,0.07999999999999996,0.89,-0.030000000000000027,0.92,-0.07999999999999996,1.0,5.332768732312343,0,0,0,0,0,0,1,0,0,0,0,0
2024-08,7.0,0.87,-0.02,110.06739,107.8,136004.01,11.7,6.337804761173338,1.9459101490553132,2.1972245773362196,9.0,-0.040000000000000036,-0.040000000000000036,0.91,0.12,0.79,-0.039999999999999925,0.83,-0.06000000000000005,0.89,0.06000000000000005,0.83,0.029999999999999916,0.8,-0.16999999999999993,0.97,0.07999999999999996,0.89,-0.030000000000000027,0.92,-1.2972274866344113,0,0,0,0,0,0,0,1,0,0,0,0
2024-09,6.0,0.84,0.44,107.07989,107.8,131816.44,12.22,-3.1274021859644563,1.791759469228055,1.9459101490553132,7.0,-0.030000000000000027,-0.030000000000000027,0.87,-0.040000000000000036,0.91,0.12,0.79,-0.039999999999999925,0.83,-0.06000000000000005,0.89,0.06000000000000005,0.83,0.029999999999999916,0.8,-0.16999999999999993,0.97,0.07999999999999996,0.89,-2.7142462449595617,0,0,0,0,0,0,0,0,1,0,0,0
2024-10,11.0,0.93,0.56,109.18606,104.8,129713.33,9.82,-1.6083487058415002,2.3978952727983707,1.791759469228055,6.0,0.09000000000000008,0.09000000000000008,0.84,-0.030000000000000027,0.87,-0.040000000000000036,0.91,0.12,0.79,-0.039999999999999925,0.83,-0.06000000000000005,0.89,0.06000000000000005,0.83,0.029999999999999916,0.8,-0.16999999999999993,0.97,1.9669146092697654,0,0,0,0,0,0,0,0,0,1,0,0
2024-11,10.0,0.79,0.39,105.49283,110.4,125667.83,17.17,-3.16847056459455,2.302585092994046,2.3978952727983707,11.0,-0.14,-0.14,0.93,0.09000000000000008,0.84,-0.030000000000000027,0.87,-0.040000000000000036,0.91,0.12,0.79,-0.039999999999999925,0.83,-0.06000000000000005,0.89,0.06000000000000005,0.83,0.029999999999999916,0.8,-3.3825105512553577,0,0,0,0,0,0,0,0,0,0,1,0
2024-12,14.0,0.93,0.52,104.15728,115.4,120283.4,20.39,-4.3791530934546685,2.6390573296152584,2.302585092994046,10.0,0.14,0.14,0.79,-0.14,0.93,0.09000000000000008,0.84,-0.030000000000000027,0.87,-0.040000000000000036,0.91,0.12,0.79,-0.039999999999999925,0.83,-0.06000000000000005,0.89,0.06000000000000005,0.83,-1.266010211310098,0,0,0,0,0,0,0,0,0,0,0,1
